Storm_ID,Name,Year,Date,Status,Max_Wind_knots,Min_Pressure_mb
AL041980,ALLEN,1980,1980-08-03,HU,65,985.0
AL041980,ALLEN,1980,1980-08-03,HU,70,980.0
AL041980,ALLEN,1980,1980-08-03,HU,80,975.0
AL041980,ALLEN,1980,1980-08-03,HU,95,965.0
AL041980,ALLEN,1980,1980-08-04,HU,110,950.0
AL041980,ALLEN,1980,1980-08-04,HU,115,948.0
AL041980,ALLEN,1980,1980-08-04,HU,125,945.0
AL041980,ALLEN,1980,1980-08-04,HU,130,930.0
AL041980,ALLEN,1980,1980-08-05,HU,140,911.0
AL041980,ALLEN,1980,1980-08-05,HU,145,916.0
AL041980,ALLEN,1980,1980-08-05,HU,155,932.0
AL041980,ALLEN,1980,1980-08-05,HU,150,940.0
AL041980,ALLEN,1980,1980-08-06,HU,140,945.0
AL041980,ALLEN,1980,1980-08-06,HU,115,955.0
AL041980,ALLEN,1980,1980-08-06,HU,115,955.0
AL041980,ALLEN,1980,1980-08-06,HU,125,955.0
AL041980,ALLEN,1980,1980-08-07,HU,135,945.0
AL041980,ALLEN,1980,1980-08-07,HU,145,935.0
AL041980,ALLEN,1980,1980-08-07,HU,155,910.0
AL041980,ALLEN,1980,1980-08-07,HU,165,899.0
AL041980,ALLEN,1980,1980-08-08,HU,155,920.0
AL041980,ALLEN,1980,1980-08-08,HU,130,945.0
AL041980,ALLEN,1980,1980-08-08,HU,115,960.0
AL041980,ALLEN,1980,1980-08-08,HU,130,940.0
AL041980,ALLEN,1980,1980-08-09,HU,145,912.0
AL041980,ALLEN,1980,1980-08-09,HU,155,909.0
AL041980,ALLEN,1980,1980-08-09,HU,140,916.0
AL041980,ALLEN,1980,1980-08-09,HU,125,925.0
AL041980,ALLEN,1980,1980-08-10,HU,110,935.0
AL041980,ALLEN,1980,1980-08-10,HU,100,945.0
AL041980,ALLEN,1980,1980-08-10,HU,85,960.0
AL041980,ALLEN,1980,1980-08-10,HU,70,970.0
AL061980,BONNIE,1980,1980-08-16,HU,75,985.0
AL061980,BONNIE,1980,1980-08-16,HU,85,975.0
AL061980,BONNIE,1980,1980-08-16,HU,85,975.0
AL061980,BONNIE,1980,1980-08-16,HU,85,975.0
AL061980,BONNIE,1980,1980-08-17,HU,75,985.0
AL061980,BONNIE,1980,1980-08-17,HU,65,990.0
AL061980,BONNIE,1980,1980-08-17,HU,65,990.0
AL061980,BONNIE,1980,1980-08-17,HU,65,990.0
AL061980,BONNIE,1980,1980-08-18,HU,65,990.0
AL061980,BONNIE,1980,1980-08-18,HU,65,990.0
AL061980,BONNIE,1980,1980-08-18,HU,65,990.0
AL061980,BONNIE,1980,1980-08-18,HU,65,990.0
AL061980,BONNIE,1980,1980-08-19,HU,65,990.0
AL061980,BONNIE,1980,1980-08-19,HU,65,990.0
AL061980,BONNIE,1980,1980-08-19,HU,65,995.0
AL071980,CHARLEY,1980,1980-08-23,HU,65,992.0
AL071980,CHARLEY,1980,1980-08-23,HU,70,990.0
AL071980,CHARLEY,1980,1980-08-23,HU,70,989.0
AL071980,CHARLEY,1980,1980-08-23,HU,70,990.0
AL071980,CHARLEY,1980,1980-08-24,HU,65,991.0
AL091980,GEORGES,1980,1980-09-08,HU,70,993.0
AL091980,GEORGES,1980,1980-09-08,HU,70,993.0
AL091980,GEORGES,1980,1980-09-08,HU,70,993.0
AL091980,GEORGES,1980,1980-09-08,HU,65,993.0
AL101980,EARL,1980,1980-09-08,HU,65,988.0
AL101980,EARL,1980,1980-09-08,HU,65,985.0
AL101980,EARL,1980,1980-09-08,HU,65,986.0
AL101980,EARL,1980,1980-09-09,HU,65,988.0
AL101980,EARL,1980,1980-09-09,HU,65,990.0
AL101980,EARL,1980,1980-09-09,HU,65,991.0
AL101980,EARL,1980,1980-09-09,HU,65,992.0
AL101980,EARL,1980,1980-09-10,HU,65,994.0
AL101980,EARL,1980,1980-09-10,HU,65,995.0
AL121980,FRANCES,1980,1980-09-08,HU,65,986.0
AL121980,FRANCES,1980,1980-09-08,HU,70,978.0
AL121980,FRANCES,1980,1980-09-08,HU,80,970.0
AL121980,FRANCES,1980,1980-09-08,HU,90,965.0
AL121980,FRANCES,1980,1980-09-09,HU,100,960.0
AL121980,FRANCES,1980,1980-09-09,HU,100,958.0
AL121980,FRANCES,1980,1980-09-09,HU,100,960.0
AL121980,FRANCES,1980,1980-09-09,HU,90,965.0
AL121980,FRANCES,1980,1980-09-10,HU,90,966.0
AL121980,FRANCES,1980,1980-09-10,HU,90,967.0
AL121980,FRANCES,1980,1980-09-10,HU,85,968.0
AL121980,FRANCES,1980,1980-09-10,HU,80,970.0
AL121980,FRANCES,1980,1980-09-11,HU,85,968.0
AL121980,FRANCES,1980,1980-09-11,HU,90,965.0
AL121980,FRANCES,1980,1980-09-11,HU,90,967.0
AL121980,FRANCES,1980,1980-09-11,HU,85,968.0
AL121980,FRANCES,1980,1980-09-12,HU,80,970.0
AL121980,FRANCES,1980,1980-09-12,HU,80,970.0
AL121980,FRANCES,1980,1980-09-12,HU,80,970.0
AL121980,FRANCES,1980,1980-09-12,HU,80,970.0
AL121980,FRANCES,1980,1980-09-13,HU,80,970.0
AL121980,FRANCES,1980,1980-09-13,HU,85,968.0
AL121980,FRANCES,1980,1980-09-13,HU,90,965.0
AL121980,FRANCES,1980,1980-09-13,HU,90,965.0
AL121980,FRANCES,1980,1980-09-14,HU,90,965.0
AL121980,FRANCES,1980,1980-09-14,HU,90,965.0
AL121980,FRANCES,1980,1980-09-14,HU,90,965.0
AL121980,FRANCES,1980,1980-09-14,HU,90,965.0
AL121980,FRANCES,1980,1980-09-15,HU,90,965.0
AL121980,FRANCES,1980,1980-09-15,HU,90,965.0
AL121980,FRANCES,1980,1980-09-15,HU,90,965.0
AL121980,FRANCES,1980,1980-09-15,HU,90,965.0
AL121980,FRANCES,1980,1980-09-16,HU,90,965.0
AL121980,FRANCES,1980,1980-09-16,HU,90,965.0
AL121980,FRANCES,1980,1980-09-16,HU,90,965.0
AL121980,FRANCES,1980,1980-09-16,HU,90,965.0
AL121980,FRANCES,1980,1980-09-17,HU,90,965.0
AL121980,FRANCES,1980,1980-09-17,HU,85,968.0
AL121980,FRANCES,1980,1980-09-17,HU,80,970.0
AL121980,FRANCES,1980,1980-09-17,HU,80,970.0
AL121980,FRANCES,1980,1980-09-18,HU,80,970.0
AL121980,FRANCES,1980,1980-09-18,HU,80,970.0
AL121980,FRANCES,1980,1980-09-18,HU,80,970.0
AL121980,FRANCES,1980,1980-09-18,HU,80,972.0
AL121980,FRANCES,1980,1980-09-19,HU,75,974.0
AL121980,FRANCES,1980,1980-09-19,HU,70,978.0
AL121980,FRANCES,1980,1980-09-19,HU,65,986.0
AL121980,FRANCES,1980,1980-09-19,HU,65,986.0
AL121980,FRANCES,1980,1980-09-20,HU,65,988.0
AL141980,IVAN,1980,1980-10-06,HU,65,992.0
AL141980,IVAN,1980,1980-10-06,HU,75,985.0
AL141980,IVAN,1980,1980-10-06,HU,85,976.0
AL141980,IVAN,1980,1980-10-06,HU,90,970.0
AL141980,IVAN,1980,1980-10-07,HU,90,970.0
AL141980,IVAN,1980,1980-10-07,HU,90,970.0
AL141980,IVAN,1980,1980-10-07,HU,90,970.0
AL141980,IVAN,1980,1980-10-07,HU,90,970.0
AL141980,IVAN,1980,1980-10-08,HU,90,970.0
AL141980,IVAN,1980,1980-10-08,HU,90,970.0
AL141980,IVAN,1980,1980-10-08,HU,90,970.0
AL141980,IVAN,1980,1980-10-08,HU,90,970.0
AL141980,IVAN,1980,1980-10-09,HU,90,970.0
AL141980,IVAN,1980,1980-10-09,HU,90,971.0
AL141980,IVAN,1980,1980-10-09,HU,90,973.0
AL141980,IVAN,1980,1980-10-09,HU,90,975.0
AL141980,IVAN,1980,1980-10-10,HU,90,977.0
AL141980,IVAN,1980,1980-10-10,HU,90,978.0
AL141980,IVAN,1980,1980-10-10,HU,90,978.0
AL141980,IVAN,1980,1980-10-10,HU,80,980.0
AL141980,IVAN,1980,1980-10-11,HU,75,985.0
AL141980,IVAN,1980,1980-10-11,HU,70,988.0
AL141980,IVAN,1980,1980-10-11,HU,65,990.0
AL141980,IVAN,1980,1980-10-11,HU,65,990.0
AL161980,JEANNE,1980,1980-11-11,HU,65,992.0
AL161980,JEANNE,1980,1980-11-11,HU,75,986.0
AL161980,JEANNE,1980,1980-11-12,HU,85,988.0
AL161980,JEANNE,1980,1980-11-12,HU,70,992.0
AL161980,JEANNE,1980,1980-11-12,HU,65,994.0
AL161980,JEANNE,1980,1980-11-12,HU,65,995.0
AL181980,KARL,1980,1980-11-25,HU,65,988.0
AL181980,KARL,1980,1980-11-26,HU,70,988.0
AL181980,KARL,1980,1980-11-26,HU,75,985.0
AL181980,KARL,1980,1980-11-26,HU,75,985.0
AL181980,KARL,1980,1980-11-26,HU,75,985.0
AL181980,KARL,1980,1980-11-27,HU,70,988.0
AL181980,KARL,1980,1980-11-27,HU,65,990.0
AL181980,KARL,1980,1980-11-27,HU,65,990.0
AL181980,KARL,1980,1980-11-27,HU,65,990.0
AL101981,DENNIS,1981,1981-08-20,HU,65,995.0
AL101981,DENNIS,1981,1981-08-21,HU,70,995.0
AL131981,EMILY,1981,1981-09-04,HU,65,976.0
AL131981,EMILY,1981,1981-09-04,HU,70,974.0
AL131981,EMILY,1981,1981-09-04,HU,70,972.0
AL131981,EMILY,1981,1981-09-04,HU,70,971.0
AL131981,EMILY,1981,1981-09-05,HU,75,970.0
AL131981,EMILY,1981,1981-09-05,HU,75,968.0
AL131981,EMILY,1981,1981-09-05,HU,75,967.0
AL131981,EMILY,1981,1981-09-05,HU,80,966.0
AL131981,EMILY,1981,1981-09-06,HU,80,967.0
AL131981,EMILY,1981,1981-09-06,HU,80,968.0
AL131981,EMILY,1981,1981-09-06,HU,80,970.0
AL131981,EMILY,1981,1981-09-06,HU,75,971.0
AL131981,EMILY,1981,1981-09-07,HU,75,972.0
AL131981,EMILY,1981,1981-09-07,HU,70,974.0
AL131981,EMILY,1981,1981-09-07,HU,70,976.0
AL131981,EMILY,1981,1981-09-07,HU,65,978.0
AL141981,FLOYD,1981,1981-09-05,HU,70,997.0
AL141981,FLOYD,1981,1981-09-06,HU,80,994.0
AL141981,FLOYD,1981,1981-09-06,HU,85,991.0
AL141981,FLOYD,1981,1981-09-06,HU,90,988.0
AL141981,FLOYD,1981,1981-09-06,HU,95,985.0
AL141981,FLOYD,1981,1981-09-07,HU,100,981.0
AL141981,FLOYD,1981,1981-09-07,HU,100,978.0
AL141981,FLOYD,1981,1981-09-07,HU,100,975.0
AL141981,FLOYD,1981,1981-09-07,HU,100,975.0
AL141981,FLOYD,1981,1981-09-08,HU,95,989.0
AL141981,FLOYD,1981,1981-09-08,HU,90,995.0
AL141981,FLOYD,1981,1981-09-08,HU,85,998.0
AL151981,GERT,1981,1981-09-10,HU,70,996.0
AL151981,GERT,1981,1981-09-11,HU,80,993.0
AL151981,GERT,1981,1981-09-11,HU,85,990.0
AL151981,GERT,1981,1981-09-11,HU,90,988.0
AL151981,GERT,1981,1981-09-11,HU,90,988.0
AL151981,GERT,1981,1981-09-12,HU,90,989.0
AL151981,GERT,1981,1981-09-12,HU,90,990.0
AL151981,GERT,1981,1981-09-12,HU,85,992.0
AL151981,GERT,1981,1981-09-12,HU,70,997.0
AL161981,HARVEY,1981,1981-09-13,HU,70,990.0
AL161981,HARVEY,1981,1981-09-13,HU,70,985.0
AL161981,HARVEY,1981,1981-09-13,HU,75,983.0
AL161981,HARVEY,1981,1981-09-13,HU,80,980.0
AL161981,HARVEY,1981,1981-09-14,HU,85,978.0
AL161981,HARVEY,1981,1981-09-14,HU,90,976.0
AL161981,HARVEY,1981,1981-09-14,HU,95,960.0
AL161981,HARVEY,1981,1981-09-14,HU,110,952.0
AL161981,HARVEY,1981,1981-09-15,HU,115,946.0
AL161981,HARVEY,1981,1981-09-15,HU,110,952.0
AL161981,HARVEY,1981,1981-09-15,HU,105,958.0
AL161981,HARVEY,1981,1981-09-15,HU,100,963.0
AL161981,HARVEY,1981,1981-09-16,HU,90,970.0
AL161981,HARVEY,1981,1981-09-16,HU,85,975.0
AL161981,HARVEY,1981,1981-09-16,HU,80,980.0
AL161981,HARVEY,1981,1981-09-16,HU,65,990.0
AL161981,HARVEY,1981,1981-09-17,HU,65,991.0
AL161981,HARVEY,1981,1981-09-17,HU,65,992.0
AL161981,HARVEY,1981,1981-09-17,HU,65,993.0
AL161981,HARVEY,1981,1981-09-17,HU,65,995.0
AL161981,HARVEY,1981,1981-09-18,HU,65,996.0
AL161981,HARVEY,1981,1981-09-18,HU,65,997.0
AL181981,IRENE,1981,1981-09-25,HU,65,987.0
AL181981,IRENE,1981,1981-09-25,HU,70,983.0
AL181981,IRENE,1981,1981-09-25,HU,80,980.0
AL181981,IRENE,1981,1981-09-25,HU,90,977.0
AL181981,IRENE,1981,1981-09-26,HU,85,976.0
AL181981,IRENE,1981,1981-09-26,HU,80,976.0
AL181981,IRENE,1981,1981-09-26,HU,80,980.0
AL181981,IRENE,1981,1981-09-26,HU,85,982.0
AL181981,IRENE,1981,1981-09-27,HU,95,968.0
AL181981,IRENE,1981,1981-09-27,HU,90,966.0
AL181981,IRENE,1981,1981-09-27,HU,90,970.0
AL181981,IRENE,1981,1981-09-27,HU,95,966.0
AL181981,IRENE,1981,1981-09-28,HU,100,962.0
AL181981,IRENE,1981,1981-09-28,HU,105,966.0
AL181981,IRENE,1981,1981-09-28,HU,105,959.0
AL181981,IRENE,1981,1981-09-28,HU,105,960.0
AL181981,IRENE,1981,1981-09-29,HU,100,962.0
AL181981,IRENE,1981,1981-09-29,HU,100,965.0
AL181981,IRENE,1981,1981-09-29,HU,95,968.0
AL181981,IRENE,1981,1981-09-29,HU,90,972.0
AL181981,IRENE,1981,1981-09-30,HU,85,976.0
AL181981,IRENE,1981,1981-09-30,HU,80,980.0
AL181981,IRENE,1981,1981-09-30,HU,75,983.0
AL181981,IRENE,1981,1981-09-30,HU,70,986.0
AL181981,IRENE,1981,1981-10-01,HU,65,989.0
AL211981,KATRINA,1981,1981-11-05,HU,65,988.0
AL211981,KATRINA,1981,1981-11-05,HU,75,980.0
AL211981,KATRINA,1981,1981-11-05,HU,70,988.0
AL211981,KATRINA,1981,1981-11-06,HU,65,996.0
AL011982,ALBERTO,1982,1982-06-03,HU,75,985.0
AL011982,ALBERTO,1982,1982-06-04,HU,65,992.0
AL061982,DEBBY,1982,1982-09-15,HU,65,993.0
AL061982,DEBBY,1982,1982-09-15,HU,65,990.0
AL061982,DEBBY,1982,1982-09-15,HU,75,980.0
AL061982,DEBBY,1982,1982-09-15,HU,90,969.0
AL061982,DEBBY,1982,1982-09-16,HU,95,966.0
AL061982,DEBBY,1982,1982-09-16,HU,95,966.0
AL061982,DEBBY,1982,1982-09-16,HU,95,966.0
AL061982,DEBBY,1982,1982-09-16,HU,95,966.0
AL061982,DEBBY,1982,1982-09-17,HU,95,966.0
AL061982,DEBBY,1982,1982-09-17,HU,95,966.0
AL061982,DEBBY,1982,1982-09-17,HU,95,966.0
AL061982,DEBBY,1982,1982-09-17,HU,100,960.0
AL061982,DEBBY,1982,1982-09-18,HU,115,950.0
AL061982,DEBBY,1982,1982-09-18,HU,110,952.0
AL061982,DEBBY,1982,1982-09-18,HU,110,954.0
AL061982,DEBBY,1982,1982-09-18,HU,100,960.0
AL061982,DEBBY,1982,1982-09-19,HU,90,970.0
AL061982,DEBBY,1982,1982-09-19,HU,75,979.0
AL061982,DEBBY,1982,1982-09-19,HU,70,987.0
AL061982,DEBBY,1982,1982-09-19,HU,70,987.0
AL061982,DEBBY,1982,1982-09-20,HU,70,987.0
AL031983,ALICIA,1983,1983-08-17,HU,65,991.0
AL031983,ALICIA,1983,1983-08-17,HU,70,987.0
AL031983,ALICIA,1983,1983-08-17,HU,75,983.0
AL031983,ALICIA,1983,1983-08-17,HU,90,974.0
AL031983,ALICIA,1983,1983-08-18,HU,95,969.0
AL031983,ALICIA,1983,1983-08-18,HU,100,963.0
AL031983,ALICIA,1983,1983-08-18,HU,100,962.0
AL031983,ALICIA,1983,1983-08-18,HU,80,965.0
AL041983,BARRY,1983,1983-08-28,HU,65,993.0
AL041983,BARRY,1983,1983-08-28,HU,70,986.0
AL041983,BARRY,1983,1983-08-28,HU,70,986.0
AL051983,CHANTAL,1983,1983-09-11,HU,65,994.0
AL051983,CHANTAL,1983,1983-09-12,HU,65,994.0
AL051983,CHANTAL,1983,1983-09-12,HU,65,994.0
AL051983,CHANTAL,1983,1983-09-12,HU,65,994.0
AL051983,CHANTAL,1983,1983-09-12,HU,65,994.0
AL101984,DIANA,1984,1984-09-10,HU,65,991.0
AL101984,DIANA,1984,1984-09-10,HU,70,986.0
AL101984,DIANA,1984,1984-09-11,HU,80,980.0
AL101984,DIANA,1984,1984-09-11,HU,85,973.0
AL101984,DIANA,1984,1984-09-11,HU,100,960.0
AL101984,DIANA,1984,1984-09-11,HU,110,952.0
AL101984,DIANA,1984,1984-09-12,HU,115,949.0
AL101984,DIANA,1984,1984-09-12,HU,95,963.0
AL101984,DIANA,1984,1984-09-12,HU,95,967.0
AL101984,DIANA,1984,1984-09-12,HU,90,970.0
AL101984,DIANA,1984,1984-09-13,HU,85,972.0
AL101984,DIANA,1984,1984-09-13,HU,80,978.0
AL101984,DIANA,1984,1984-09-13,HU,80,979.0
AL101984,DIANA,1984,1984-09-13,HU,65,990.0
AL141984,HORTENSE,1984,1984-09-25,HU,65,996.0
AL141984,HORTENSE,1984,1984-09-26,HU,65,993.0
AL161984,JOSEPHINE,1984,1984-10-10,HU,65,987.0
AL161984,JOSEPHINE,1984,1984-10-10,HU,70,987.0
AL161984,JOSEPHINE,1984,1984-10-10,HU,70,985.0
AL161984,JOSEPHINE,1984,1984-10-11,HU,75,983.0
AL161984,JOSEPHINE,1984,1984-10-11,HU,80,979.0
AL161984,JOSEPHINE,1984,1984-10-11,HU,85,974.0
AL161984,JOSEPHINE,1984,1984-10-11,HU,85,971.0
AL161984,JOSEPHINE,1984,1984-10-12,HU,90,970.0
AL161984,JOSEPHINE,1984,1984-10-12,HU,90,973.0
AL161984,JOSEPHINE,1984,1984-10-12,HU,90,977.0
AL161984,JOSEPHINE,1984,1984-10-12,HU,90,976.0
AL161984,JOSEPHINE,1984,1984-10-13,HU,85,971.0
AL161984,JOSEPHINE,1984,1984-10-13,HU,85,973.0
AL161984,JOSEPHINE,1984,1984-10-13,HU,80,975.0
AL161984,JOSEPHINE,1984,1984-10-13,HU,70,973.0
AL161984,JOSEPHINE,1984,1984-10-14,HU,65,977.0
AL161984,JOSEPHINE,1984,1984-10-14,HU,65,975.0
AL161984,JOSEPHINE,1984,1984-10-14,HU,70,971.0
AL161984,JOSEPHINE,1984,1984-10-14,HU,70,968.0
AL161984,JOSEPHINE,1984,1984-10-15,HU,70,965.0
AL161984,JOSEPHINE,1984,1984-10-15,HU,65,966.0
AL161984,JOSEPHINE,1984,1984-10-15,HU,65,973.0
AL161984,JOSEPHINE,1984,1984-10-15,HU,65,971.0
AL161984,JOSEPHINE,1984,1984-10-16,HU,65,973.0
AL161984,JOSEPHINE,1984,1984-10-16,HU,65,977.0
AL161984,JOSEPHINE,1984,1984-10-16,HU,65,982.0
AL161984,JOSEPHINE,1984,1984-10-16,HU,65,986.0
AL161984,JOSEPHINE,1984,1984-10-17,HU,65,988.0
AL181984,KLAUS,1984,1984-11-08,HU,65,992.0
AL181984,KLAUS,1984,1984-11-08,HU,70,989.0
AL181984,KLAUS,1984,1984-11-08,HU,75,986.0
AL181984,KLAUS,1984,1984-11-08,HU,80,984.0
AL181984,KLAUS,1984,1984-11-09,HU,80,982.0
AL181984,KLAUS,1984,1984-11-09,HU,80,981.0
AL181984,KLAUS,1984,1984-11-09,HU,80,980.0
AL181984,KLAUS,1984,1984-11-09,HU,80,980.0
AL181984,KLAUS,1984,1984-11-10,HU,80,979.0
AL181984,KLAUS,1984,1984-11-10,HU,75,978.0
AL181984,KLAUS,1984,1984-11-10,HU,75,977.0
AL181984,KLAUS,1984,1984-11-10,HU,75,975.0
AL181984,KLAUS,1984,1984-11-11,HU,75,971.0
AL181984,KLAUS,1984,1984-11-11,HU,70,975.0
AL181984,KLAUS,1984,1984-11-11,HU,70,977.0
AL181984,KLAUS,1984,1984-11-11,HU,70,980.0
AL181984,KLAUS,1984,1984-11-12,HU,70,982.0
AL181984,KLAUS,1984,1984-11-12,HU,70,983.0
AL181984,KLAUS,1984,1984-11-12,HU,65,984.0
AL201984,LILI,1984,1984-12-20,HU,70,980.0
AL201984,LILI,1984,1984-12-20,HU,70,980.0
AL201984,LILI,1984,1984-12-21,HU,70,980.0
AL201984,LILI,1984,1984-12-21,HU,70,980.0
AL201984,LILI,1984,1984-12-21,HU,70,980.0
AL201984,LILI,1984,1984-12-21,HU,70,980.0
AL201984,LILI,1984,1984-12-22,HU,70,980.0
AL201984,LILI,1984,1984-12-22,HU,70,980.0
AL201984,LILI,1984,1984-12-22,HU,70,980.0
AL201984,LILI,1984,1984-12-22,HU,70,980.0
AL201984,LILI,1984,1984-12-23,HU,65,987.0
AL021985,BOB,1985,1985-07-24,HU,65,1003.0
AL021985,BOB,1985,1985-07-25,HU,65,1002.0
AL021985,BOB,1985,1985-07-25,HU,65,1003.0
AL031985,CLAUDETTE,1985,1985-08-14,HU,65,988.0
AL031985,CLAUDETTE,1985,1985-08-14,HU,65,987.0
AL031985,CLAUDETTE,1985,1985-08-14,HU,65,986.0
AL031985,CLAUDETTE,1985,1985-08-15,HU,70,985.0
AL031985,CLAUDETTE,1985,1985-08-15,HU,70,981.0
AL031985,CLAUDETTE,1985,1985-08-15,HU,75,980.0
AL031985,CLAUDETTE,1985,1985-08-15,HU,75,981.0
AL041985,DANNY,1985,1985-08-15,HU,70,997.0
AL041985,DANNY,1985,1985-08-15,HU,75,995.0
AL041985,DANNY,1985,1985-08-15,HU,80,988.0
AL041985,DANNY,1985,1985-08-15,HU,80,987.0
AL041985,DANNY,1985,1985-08-15,HU,70,988.0
AL051985,ELENA,1985,1985-08-29,HU,65,994.0
AL051985,ELENA,1985,1985-08-29,HU,70,990.0
AL051985,ELENA,1985,1985-08-30,HU,75,986.0
AL051985,ELENA,1985,1985-08-30,HU,80,980.0
AL051985,ELENA,1985,1985-08-30,HU,90,974.0
AL051985,ELENA,1985,1985-08-30,HU,90,978.0
AL051985,ELENA,1985,1985-08-31,HU,90,977.0
AL051985,ELENA,1985,1985-08-31,HU,90,976.0
AL051985,ELENA,1985,1985-08-31,HU,90,975.0
AL051985,ELENA,1985,1985-08-31,HU,90,974.0
AL051985,ELENA,1985,1985-09-01,HU,95,971.0
AL051985,ELENA,1985,1985-09-01,HU,100,965.0
AL051985,ELENA,1985,1985-09-01,HU,105,961.0
AL051985,ELENA,1985,1985-09-01,HU,110,954.0
AL051985,ELENA,1985,1985-09-02,HU,110,953.0
AL051985,ELENA,1985,1985-09-02,HU,105,957.0
AL051985,ELENA,1985,1985-09-02,HU,100,959.0
AL051985,ELENA,1985,1985-09-02,HU,100,959.0
AL091985,GLORIA,1985,1985-09-21,HU,65,1000.0
AL091985,GLORIA,1985,1985-09-22,HU,65,1000.0
AL091985,GLORIA,1985,1985-09-22,HU,70,996.0
AL091985,GLORIA,1985,1985-09-22,HU,70,992.0
AL091985,GLORIA,1985,1985-09-22,HU,65,990.0
AL091985,GLORIA,1985,1985-09-23,HU,65,990.0
AL091985,GLORIA,1985,1985-09-23,HU,65,989.0
AL091985,GLORIA,1985,1985-09-23,HU,65,987.0
AL091985,GLORIA,1985,1985-09-23,HU,75,980.0
AL091985,GLORIA,1985,1985-09-24,HU,95,956.0
AL091985,GLORIA,1985,1985-09-24,HU,100,952.0
AL091985,GLORIA,1985,1985-09-24,HU,100,950.0
AL091985,GLORIA,1985,1985-09-24,HU,105,935.0
AL091985,GLORIA,1985,1985-09-25,HU,120,920.0
AL091985,GLORIA,1985,1985-09-25,HU,125,920.0
AL091985,GLORIA,1985,1985-09-25,HU,115,926.0
AL091985,GLORIA,1985,1985-09-25,HU,95,933.0
AL091985,GLORIA,1985,1985-09-26,HU,85,940.0
AL091985,GLORIA,1985,1985-09-26,HU,80,944.0
AL091985,GLORIA,1985,1985-09-26,HU,80,946.0
AL091985,GLORIA,1985,1985-09-26,HU,85,944.0
AL091985,GLORIA,1985,1985-09-27,HU,90,942.0
AL091985,GLORIA,1985,1985-09-27,HU,90,942.0
AL091985,GLORIA,1985,1985-09-27,HU,90,942.0
AL091985,GLORIA,1985,1985-09-27,HU,85,951.0
AL091985,GLORIA,1985,1985-09-27,HU,75,961.0
AL091985,GLORIA,1985,1985-09-27,HU,75,964.0
AL121985,JUAN,1985,1985-10-28,HU,65,982.0
AL121985,JUAN,1985,1985-10-28,HU,70,975.0
AL121985,JUAN,1985,1985-10-28,HU,75,972.0
AL121985,JUAN,1985,1985-10-28,HU,75,971.0
AL121985,JUAN,1985,1985-10-29,HU,75,973.0
AL121985,JUAN,1985,1985-10-29,HU,70,975.0
AL121985,JUAN,1985,1985-10-29,HU,65,974.0
AL121985,JUAN,1985,1985-10-29,HU,65,974.0
AL131985,KATE,1985,1985-11-16,HU,70,987.0
AL131985,KATE,1985,1985-11-17,HU,75,981.0
AL131985,KATE,1985,1985-11-17,HU,75,984.0
AL131985,KATE,1985,1985-11-17,HU,75,982.0
AL131985,KATE,1985,1985-11-17,HU,80,977.0
AL131985,KATE,1985,1985-11-18,HU,80,976.0
AL131985,KATE,1985,1985-11-18,HU,80,975.0
AL131985,KATE,1985,1985-11-18,HU,80,975.0
AL131985,KATE,1985,1985-11-18,HU,85,972.0
AL131985,KATE,1985,1985-11-19,HU,95,967.0
AL131985,KATE,1985,1985-11-19,HU,95,968.0
AL131985,KATE,1985,1985-11-19,HU,90,971.0
AL131985,KATE,1985,1985-11-19,HU,80,976.0
AL131985,KATE,1985,1985-11-20,HU,85,972.0
AL131985,KATE,1985,1985-11-20,HU,95,968.0
AL131985,KATE,1985,1985-11-20,HU,105,956.0
AL131985,KATE,1985,1985-11-20,HU,105,955.0
AL131985,KATE,1985,1985-11-21,HU,105,954.0
AL131985,KATE,1985,1985-11-21,HU,100,961.0
AL131985,KATE,1985,1985-11-21,HU,95,965.0
AL131985,KATE,1985,1985-11-21,HU,85,967.0
AL131985,KATE,1985,1985-11-21,HU,85,967.0
AL131985,KATE,1985,1985-11-22,HU,80,975.0
AL131985,KATE,1985,1985-11-22,HU,65,983.0
AL021986,BONNIE,1986,1986-06-25,HU,65,1001.0
AL021986,BONNIE,1986,1986-06-26,HU,70,999.0
AL021986,BONNIE,1986,1986-06-26,HU,75,995.0
AL021986,BONNIE,1986,1986-06-26,HU,75,990.0
AL021986,BONNIE,1986,1986-06-26,HU,65,992.0
AL051986,CHARLEY,1986,1986-08-17,HU,65,991.0
AL051986,CHARLEY,1986,1986-08-17,HU,65,990.0
AL051986,CHARLEY,1986,1986-08-17,HU,65,988.0
AL051986,CHARLEY,1986,1986-08-18,HU,70,987.0
AL051986,CHARLEY,1986,1986-08-18,HU,65,990.0
AL091986,EARL,1986,1986-09-11,HU,70,999.0
AL091986,EARL,1986,1986-09-12,HU,75,996.0
AL091986,EARL,1986,1986-09-12,HU,80,993.0
AL091986,EARL,1986,1986-09-12,HU,85,988.0
AL091986,EARL,1986,1986-09-12,HU,90,985.0
AL091986,EARL,1986,1986-09-13,HU,90,983.0
AL091986,EARL,1986,1986-09-13,HU,90,983.0
AL091986,EARL,1986,1986-09-13,HU,90,983.0
AL091986,EARL,1986,1986-09-13,HU,90,983.0
AL091986,EARL,1986,1986-09-14,HU,90,982.0
AL091986,EARL,1986,1986-09-14,HU,90,980.0
AL091986,EARL,1986,1986-09-14,HU,90,979.0
AL091986,EARL,1986,1986-09-14,HU,90,979.0
AL091986,EARL,1986,1986-09-15,HU,90,980.0
AL091986,EARL,1986,1986-09-15,HU,90,980.0
AL091986,EARL,1986,1986-09-15,HU,90,981.0
AL091986,EARL,1986,1986-09-15,HU,85,982.0
AL091986,EARL,1986,1986-09-16,HU,80,983.0
AL091986,EARL,1986,1986-09-16,HU,80,983.0
AL091986,EARL,1986,1986-09-16,HU,75,984.0
AL091986,EARL,1986,1986-09-16,HU,75,984.0
AL091986,EARL,1986,1986-09-17,HU,75,985.0
AL091986,EARL,1986,1986-09-17,HU,70,985.0
AL091986,EARL,1986,1986-09-17,HU,70,986.0
AL091986,EARL,1986,1986-09-17,HU,70,986.0
AL091986,EARL,1986,1986-09-18,HU,70,987.0
AL091986,EARL,1986,1986-09-18,HU,65,988.0
AL091986,EARL,1986,1986-09-18,HU,65,989.0
AL091986,EARL,1986,1986-09-18,HU,65,990.0
AL101986,FRANCES,1986,1986-11-20,HU,65,1001.0
AL101986,FRANCES,1986,1986-11-20,HU,75,1000.0
AL101986,FRANCES,1986,1986-11-20,HU,75,1000.0
AL101986,FRANCES,1986,1986-11-21,HU,70,1001.0
AL101986,FRANCES,1986,1986-11-21,HU,65,1002.0
AL021987,ARLENE,1987,1987-08-22,HU,65,988.0
AL021987,ARLENE,1987,1987-08-22,HU,65,987.0
AL021987,ARLENE,1987,1987-08-22,HU,65,987.0
AL021987,ARLENE,1987,1987-08-23,HU,65,987.0
AL021987,ARLENE,1987,1987-08-23,HU,65,987.0
AL021987,ARLENE,1987,1987-08-23,HU,65,988.0
AL021987,ARLENE,1987,1987-08-23,HU,65,988.0
AL121987,EMILY,1987,1987-09-22,HU,80,978.0
AL121987,EMILY,1987,1987-09-22,HU,90,971.0
AL121987,EMILY,1987,1987-09-22,HU,110,958.0
AL121987,EMILY,1987,1987-09-23,HU,105,960.0
AL121987,EMILY,1987,1987-09-23,HU,95,965.0
AL121987,EMILY,1987,1987-09-23,HU,70,984.0
AL121987,EMILY,1987,1987-09-25,HU,70,985.0
AL121987,EMILY,1987,1987-09-25,HU,75,974.0
AL121987,EMILY,1987,1987-09-25,HU,80,974.0
AL121987,EMILY,1987,1987-09-25,HU,80,974.0
AL121987,EMILY,1987,1987-09-26,HU,75,976.0
AL121987,EMILY,1987,1987-09-26,HU,70,979.0
AL121987,EMILY,1987,1987-09-26,HU,65,983.0
AL131987,FLOYD,1987,1987-10-12,HU,65,993.0
AL131987,FLOYD,1987,1987-10-12,HU,65,993.0
AL131987,FLOYD,1987,1987-10-12,HU,65,993.0
AL041988,DEBBY,1988,1988-09-02,HU,65,992.0
AL041988,DEBBY,1988,1988-09-03,HU,65,987.0
AL071988,FLORENCE,1988,1988-09-09,HU,65,985.0
AL071988,FLORENCE,1988,1988-09-09,HU,70,982.0
AL071988,FLORENCE,1988,1988-09-10,HU,70,983.0
AL071988,FLORENCE,1988,1988-09-10,HU,70,984.0
AL081988,GILBERT,1988,1988-09-11,HU,65,989.0
AL081988,GILBERT,1988,1988-09-11,HU,80,982.0
AL081988,GILBERT,1988,1988-09-11,HU,95,975.0
AL081988,GILBERT,1988,1988-09-11,HU,100,970.0
AL081988,GILBERT,1988,1988-09-12,HU,105,964.0
AL081988,GILBERT,1988,1988-09-12,HU,110,962.0
AL081988,GILBERT,1988,1988-09-12,HU,110,960.0
AL081988,GILBERT,1988,1988-09-12,HU,115,960.0
AL081988,GILBERT,1988,1988-09-12,HU,110,960.0
AL081988,GILBERT,1988,1988-09-13,HU,110,960.0
AL081988,GILBERT,1988,1988-09-13,HU,115,952.0
AL081988,GILBERT,1988,1988-09-13,HU,125,934.0
AL081988,GILBERT,1988,1988-09-13,HU,140,905.0
AL081988,GILBERT,1988,1988-09-14,HU,160,888.0
AL081988,GILBERT,1988,1988-09-14,HU,155,889.0
AL081988,GILBERT,1988,1988-09-14,HU,145,892.0
AL081988,GILBERT,1988,1988-09-14,HU,140,900.0
AL081988,GILBERT,1988,1988-09-14,HU,130,925.0
AL081988,GILBERT,1988,1988-09-15,HU,100,944.0
AL081988,GILBERT,1988,1988-09-15,HU,90,949.0
AL081988,GILBERT,1988,1988-09-15,HU,85,950.0
AL081988,GILBERT,1988,1988-09-15,HU,90,950.0
AL081988,GILBERT,1988,1988-09-16,HU,100,949.0
AL081988,GILBERT,1988,1988-09-16,HU,110,946.0
AL081988,GILBERT,1988,1988-09-16,HU,115,948.0
AL081988,GILBERT,1988,1988-09-16,HU,115,950.0
AL081988,GILBERT,1988,1988-09-16,HU,110,955.0
AL081988,GILBERT,1988,1988-09-17,HU,80,964.0
AL091988,HELENE,1988,1988-09-21,HU,70,998.0
AL091988,HELENE,1988,1988-09-21,HU,75,983.0
AL091988,HELENE,1988,1988-09-22,HU,80,978.0
AL091988,HELENE,1988,1988-09-22,HU,90,972.0
AL091988,HELENE,1988,1988-09-22,HU,95,965.0
AL091988,HELENE,1988,1988-09-22,HU,100,959.0
AL091988,HELENE,1988,1988-09-23,HU,110,953.0
AL091988,HELENE,1988,1988-09-23,HU,115,945.0
AL091988,HELENE,1988,1988-09-23,HU,120,939.0
AL091988,HELENE,1988,1988-09-23,HU,125,938.0
AL091988,HELENE,1988,1988-09-24,HU,120,940.0
AL091988,HELENE,1988,1988-09-24,HU,120,944.0
AL091988,HELENE,1988,1988-09-24,HU,115,948.0
AL091988,HELENE,1988,1988-09-24,HU,110,954.0
AL091988,HELENE,1988,1988-09-25,HU,100,959.0
AL091988,HELENE,1988,1988-09-25,HU,100,963.0
AL091988,HELENE,1988,1988-09-25,HU,95,966.0
AL091988,HELENE,1988,1988-09-25,HU,90,968.0
AL091988,HELENE,1988,1988-09-26,HU,85,971.0
AL091988,HELENE,1988,1988-09-26,HU,85,973.0
AL091988,HELENE,1988,1988-09-26,HU,80,975.0
AL091988,HELENE,1988,1988-09-26,HU,80,976.0
AL091988,HELENE,1988,1988-09-27,HU,75,977.0
AL091988,HELENE,1988,1988-09-27,HU,75,979.0
AL091988,HELENE,1988,1988-09-27,HU,75,979.0
AL091988,HELENE,1988,1988-09-27,HU,75,979.0
AL091988,HELENE,1988,1988-09-28,HU,75,979.0
AL091988,HELENE,1988,1988-09-28,HU,80,977.0
AL091988,HELENE,1988,1988-09-28,HU,80,975.0
AL091988,HELENE,1988,1988-09-28,HU,85,972.0
AL091988,HELENE,1988,1988-09-29,HU,90,970.0
AL091988,HELENE,1988,1988-09-29,HU,90,970.0
AL091988,HELENE,1988,1988-09-29,HU,85,973.0
AL091988,HELENE,1988,1988-09-29,HU,75,979.0
AL091988,HELENE,1988,1988-09-30,HU,65,985.0
AL091988,HELENE,1988,1988-09-30,HU,65,990.0
AL111988,JOAN,1988,1988-10-18,HU,65,990.0
AL111988,JOAN,1988,1988-10-18,HU,70,987.0
AL111988,JOAN,1988,1988-10-18,HU,75,984.0
AL111988,JOAN,1988,1988-10-18,HU,80,980.0
AL111988,JOAN,1988,1988-10-19,HU,90,976.0
AL111988,JOAN,1988,1988-10-19,HU,95,970.0
AL111988,JOAN,1988,1988-10-19,HU,105,960.0
AL111988,JOAN,1988,1988-10-19,HU,110,953.0
AL111988,JOAN,1988,1988-10-20,HU,105,956.0
AL111988,JOAN,1988,1988-10-20,HU,85,967.0
AL111988,JOAN,1988,1988-10-20,HU,70,971.0
AL111988,JOAN,1988,1988-10-20,HU,70,973.0
AL111988,JOAN,1988,1988-10-21,HU,75,972.0
AL111988,JOAN,1988,1988-10-21,HU,90,970.0
AL111988,JOAN,1988,1988-10-21,HU,100,964.0
AL111988,JOAN,1988,1988-10-21,HU,110,952.0
AL111988,JOAN,1988,1988-10-22,HU,120,937.0
AL111988,JOAN,1988,1988-10-22,HU,125,932.0
AL111988,JOAN,1988,1988-10-22,HU,125,932.0
AL111988,JOAN,1988,1988-10-22,HU,120,936.0
AL111988,JOAN,1988,1988-10-22,HU,70,983.0
AL041989,CHANTAL,1989,1989-08-01,HU,65,991.0
AL041989,CHANTAL,1989,1989-08-01,HU,70,987.0
AL041989,CHANTAL,1989,1989-08-01,HU,70,984.0
AL041989,CHANTAL,1989,1989-08-01,HU,70,986.0
AL051989,DEAN,1989,1989-08-02,HU,65,994.0
AL051989,DEAN,1989,1989-08-02,HU,70,992.0
AL051989,DEAN,1989,1989-08-03,HU,70,990.0
AL051989,DEAN,1989,1989-08-03,HU,70,987.0
AL051989,DEAN,1989,1989-08-03,HU,75,985.0
AL051989,DEAN,1989,1989-08-03,HU,75,985.0
AL051989,DEAN,1989,1989-08-04,HU,75,986.0
AL051989,DEAN,1989,1989-08-04,HU,75,986.0
AL051989,DEAN,1989,1989-08-04,HU,75,985.0
AL051989,DEAN,1989,1989-08-04,HU,75,984.0
AL051989,DEAN,1989,1989-08-05,HU,75,983.0
AL051989,DEAN,1989,1989-08-05,HU,75,983.0
AL051989,DEAN,1989,1989-08-05,HU,75,980.0
AL051989,DEAN,1989,1989-08-05,HU,75,980.0
AL051989,DEAN,1989,1989-08-06,HU,75,979.0
AL051989,DEAN,1989,1989-08-06,HU,80,978.0
AL051989,DEAN,1989,1989-08-06,HU,80,975.0
AL051989,DEAN,1989,1989-08-06,HU,85,971.0
AL051989,DEAN,1989,1989-08-07,HU,90,968.0
AL051989,DEAN,1989,1989-08-07,HU,90,969.0
AL051989,DEAN,1989,1989-08-07,HU,85,979.0
AL051989,DEAN,1989,1989-08-07,HU,80,972.0
AL051989,DEAN,1989,1989-08-08,HU,75,975.0
AL051989,DEAN,1989,1989-08-08,HU,65,978.0
AL071989,ERIN,1989,1989-08-22,HU,65,986.0
AL071989,ERIN,1989,1989-08-22,HU,70,983.0
AL071989,ERIN,1989,1989-08-23,HU,70,981.0
AL071989,ERIN,1989,1989-08-23,HU,75,979.0
AL071989,ERIN,1989,1989-08-23,HU,80,977.0
AL071989,ERIN,1989,1989-08-23,HU,80,975.0
AL071989,ERIN,1989,1989-08-24,HU,85,973.0
AL071989,ERIN,1989,1989-08-24,HU,85,971.0
AL071989,ERIN,1989,1989-08-24,HU,90,970.0
AL071989,ERIN,1989,1989-08-24,HU,90,969.0
AL071989,ERIN,1989,1989-08-25,HU,90,968.0
AL071989,ERIN,1989,1989-08-25,HU,90,969.0
AL071989,ERIN,1989,1989-08-25,HU,90,971.0
AL071989,ERIN,1989,1989-08-25,HU,85,973.0
AL071989,ERIN,1989,1989-08-26,HU,80,976.0
AL071989,ERIN,1989,1989-08-26,HU,75,980.0
AL071989,ERIN,1989,1989-08-26,HU,70,983.0
AL071989,ERIN,1989,1989-08-26,HU,65,986.0
AL081989,FELIX,1989,1989-09-05,HU,65,988.0
AL081989,FELIX,1989,1989-09-05,HU,70,982.0
AL081989,FELIX,1989,1989-09-05,HU,75,979.0
AL081989,FELIX,1989,1989-09-06,HU,75,979.0
AL081989,FELIX,1989,1989-09-06,HU,75,979.0
AL081989,FELIX,1989,1989-09-06,HU,70,982.0
AL081989,FELIX,1989,1989-09-06,HU,70,984.0
AL081989,FELIX,1989,1989-09-07,HU,65,988.0
AL101989,GABRIELLE,1989,1989-09-01,HU,65,987.0
AL101989,GABRIELLE,1989,1989-09-01,HU,65,987.0
AL101989,GABRIELLE,1989,1989-09-01,HU,65,987.0
AL101989,GABRIELLE,1989,1989-09-01,HU,65,987.0
AL101989,GABRIELLE,1989,1989-09-02,HU,75,980.0
AL101989,GABRIELLE,1989,1989-09-02,HU,80,977.0
AL101989,GABRIELLE,1989,1989-09-02,HU,85,974.0
AL101989,GABRIELLE,1989,1989-09-02,HU,90,970.0
AL101989,GABRIELLE,1989,1989-09-03,HU,95,966.0
AL101989,GABRIELLE,1989,1989-09-03,HU,100,960.0
AL101989,GABRIELLE,1989,1989-09-03,HU,105,948.0
AL101989,GABRIELLE,1989,1989-09-03,HU,105,937.0
AL101989,GABRIELLE,1989,1989-09-03,HU,105,935.0
AL101989,GABRIELLE,1989,1989-09-04,HU,105,937.0
AL101989,GABRIELLE,1989,1989-09-04,HU,110,940.0
AL101989,GABRIELLE,1989,1989-09-04,HU,115,942.0
AL101989,GABRIELLE,1989,1989-09-04,HU,120,942.0
AL101989,GABRIELLE,1989,1989-09-05,HU,125,944.0
AL101989,GABRIELLE,1989,1989-09-05,HU,125,941.0
AL101989,GABRIELLE,1989,1989-09-05,HU,125,941.0
AL101989,GABRIELLE,1989,1989-09-05,HU,125,941.0
AL101989,GABRIELLE,1989,1989-09-06,HU,125,944.0
AL101989,GABRIELLE,1989,1989-09-06,HU,120,942.0
AL101989,GABRIELLE,1989,1989-09-06,HU,120,944.0
AL101989,GABRIELLE,1989,1989-09-06,HU,120,944.0
AL101989,GABRIELLE,1989,1989-09-07,HU,120,943.0
AL101989,GABRIELLE,1989,1989-09-07,HU,105,948.0
AL101989,GABRIELLE,1989,1989-09-07,HU,95,950.0
AL101989,GABRIELLE,1989,1989-09-07,HU,95,951.0
AL101989,GABRIELLE,1989,1989-09-08,HU,95,951.0
AL101989,GABRIELLE,1989,1989-09-08,HU,90,955.0
AL101989,GABRIELLE,1989,1989-09-08,HU,85,961.0
AL101989,GABRIELLE,1989,1989-09-08,HU,80,970.0
AL101989,GABRIELLE,1989,1989-09-09,HU,75,979.0
AL101989,GABRIELLE,1989,1989-09-09,HU,70,987.0
AL101989,GABRIELLE,1989,1989-09-09,HU,65,988.0
AL101989,GABRIELLE,1989,1989-09-09,HU,65,990.0
AL101989,GABRIELLE,1989,1989-09-10,HU,65,990.0
AL111989,HUGO,1989,1989-09-13,HU,65,987.0
AL111989,HUGO,1989,1989-09-14,HU,70,984.0
AL111989,HUGO,1989,1989-09-14,HU,80,980.0
AL111989,HUGO,1989,1989-09-14,HU,85,975.0
AL111989,HUGO,1989,1989-09-14,HU,90,970.0
AL111989,HUGO,1989,1989-09-15,HU,100,962.0
AL111989,HUGO,1989,1989-09-15,HU,110,957.0
AL111989,HUGO,1989,1989-09-15,HU,125,940.0
AL111989,HUGO,1989,1989-09-15,HU,140,918.0
AL111989,HUGO,1989,1989-09-16,HU,135,923.0
AL111989,HUGO,1989,1989-09-16,HU,130,927.0
AL111989,HUGO,1989,1989-09-16,HU,120,940.0
AL111989,HUGO,1989,1989-09-16,HU,120,941.0
AL111989,HUGO,1989,1989-09-17,HU,120,941.0
AL111989,HUGO,1989,1989-09-17,HU,120,941.0
AL111989,HUGO,1989,1989-09-17,HU,120,943.0
AL111989,HUGO,1989,1989-09-17,HU,125,949.0
AL111989,HUGO,1989,1989-09-17,HU,125,945.0
AL111989,HUGO,1989,1989-09-18,HU,130,934.0
AL111989,HUGO,1989,1989-09-18,HU,120,940.0
AL111989,HUGO,1989,1989-09-18,HU,110,945.0
AL111989,HUGO,1989,1989-09-18,HU,110,946.0
AL111989,HUGO,1989,1989-09-18,HU,105,958.0
AL111989,HUGO,1989,1989-09-19,HU,100,959.0
AL111989,HUGO,1989,1989-09-19,HU,90,962.0
AL111989,HUGO,1989,1989-09-19,HU,90,964.0
AL111989,HUGO,1989,1989-09-19,HU,90,966.0
AL111989,HUGO,1989,1989-09-20,HU,90,957.0
AL111989,HUGO,1989,1989-09-20,HU,90,957.0
AL111989,HUGO,1989,1989-09-20,HU,95,958.0
AL111989,HUGO,1989,1989-09-20,HU,95,953.0
AL111989,HUGO,1989,1989-09-21,HU,100,950.0
AL111989,HUGO,1989,1989-09-21,HU,100,950.0
AL111989,HUGO,1989,1989-09-21,HU,110,948.0
AL111989,HUGO,1989,1989-09-21,HU,120,944.0
AL111989,HUGO,1989,1989-09-22,HU,120,935.0
AL111989,HUGO,1989,1989-09-22,HU,120,934.0
AL111989,HUGO,1989,1989-09-22,HU,85,952.0
AL141989,JERRY,1989,1989-10-15,HU,65,986.0
AL141989,JERRY,1989,1989-10-15,HU,70,982.0
AL141989,JERRY,1989,1989-10-16,HU,75,983.0
AL141989,JERRY,1989,1989-10-16,HU,75,983.0
AL031990,BERTHA,1990,1990-07-29,HU,65,990.0
AL031990,BERTHA,1990,1990-07-29,HU,65,988.0
AL031990,BERTHA,1990,1990-07-29,HU,65,989.0
AL031990,BERTHA,1990,1990-07-30,HU,65,985.0
AL031990,BERTHA,1990,1990-07-30,HU,65,979.0
AL031990,BERTHA,1990,1990-07-31,HU,70,974.0
AL031990,BERTHA,1990,1990-07-31,HU,65,975.0
AL031990,BERTHA,1990,1990-07-31,HU,65,976.0
AL031990,BERTHA,1990,1990-07-31,HU,65,977.0
AL031990,BERTHA,1990,1990-08-01,HU,65,977.0
AL031990,BERTHA,1990,1990-08-01,HU,65,977.0
AL031990,BERTHA,1990,1990-08-01,HU,65,977.0
AL031990,BERTHA,1990,1990-08-01,HU,65,975.0
AL031990,BERTHA,1990,1990-08-02,HU,70,973.0
AL051990,DIANA,1990,1990-08-07,HU,65,990.0
AL051990,DIANA,1990,1990-08-07,HU,75,986.0
AL051990,DIANA,1990,1990-08-07,HU,85,980.0
AL051990,DIANA,1990,1990-08-07,HU,85,980.0
AL081990,GUSTAV,1990,1990-08-26,HU,65,990.0
AL081990,GUSTAV,1990,1990-08-26,HU,70,984.0
AL081990,GUSTAV,1990,1990-08-27,HU,75,980.0
AL081990,GUSTAV,1990,1990-08-27,HU,85,973.0
AL081990,GUSTAV,1990,1990-08-27,HU,90,967.0
AL081990,GUSTAV,1990,1990-08-27,HU,95,965.0
AL081990,GUSTAV,1990,1990-08-28,HU,95,966.0
AL081990,GUSTAV,1990,1990-08-28,HU,90,969.0
AL081990,GUSTAV,1990,1990-08-28,HU,85,973.0
AL081990,GUSTAV,1990,1990-08-28,HU,80,978.0
AL081990,GUSTAV,1990,1990-08-29,HU,75,981.0
AL081990,GUSTAV,1990,1990-08-29,HU,70,984.0
AL081990,GUSTAV,1990,1990-08-29,HU,75,982.0
AL081990,GUSTAV,1990,1990-08-29,HU,75,979.0
AL081990,GUSTAV,1990,1990-08-30,HU,80,975.0
AL081990,GUSTAV,1990,1990-08-30,HU,85,972.0
AL081990,GUSTAV,1990,1990-08-30,HU,90,968.0
AL081990,GUSTAV,1990,1990-08-30,HU,95,963.0
AL081990,GUSTAV,1990,1990-08-31,HU,100,958.0
AL081990,GUSTAV,1990,1990-08-31,HU,105,956.0
AL081990,GUSTAV,1990,1990-08-31,HU,100,959.0
AL081990,GUSTAV,1990,1990-08-31,HU,100,961.0
AL081990,GUSTAV,1990,1990-09-01,HU,95,964.0
AL081990,GUSTAV,1990,1990-09-01,HU,90,967.0
AL081990,GUSTAV,1990,1990-09-01,HU,85,970.0
AL081990,GUSTAV,1990,1990-09-01,HU,80,974.0
AL081990,GUSTAV,1990,1990-09-02,HU,75,978.0
AL081990,GUSTAV,1990,1990-09-02,HU,70,982.0
AL081990,GUSTAV,1990,1990-09-02,HU,65,985.0
AL101990,ISIDORE,1990,1990-09-07,HU,65,994.0
AL101990,ISIDORE,1990,1990-09-07,HU,75,983.0
AL101990,ISIDORE,1990,1990-09-07,HU,85,978.0
AL101990,ISIDORE,1990,1990-09-07,HU,80,979.0
AL101990,ISIDORE,1990,1990-09-08,HU,75,979.0
AL101990,ISIDORE,1990,1990-09-08,HU,70,985.0
AL101990,ISIDORE,1990,1990-09-08,HU,65,994.0
AL101990,ISIDORE,1990,1990-09-09,HU,65,990.0
AL101990,ISIDORE,1990,1990-09-10,HU,65,987.0
AL101990,ISIDORE,1990,1990-09-10,HU,65,987.0
AL101990,ISIDORE,1990,1990-09-10,HU,65,987.0
AL101990,ISIDORE,1990,1990-09-10,HU,65,987.0
AL101990,ISIDORE,1990,1990-09-11,HU,65,987.0
AL101990,ISIDORE,1990,1990-09-11,HU,75,984.0
AL101990,ISIDORE,1990,1990-09-11,HU,80,980.0
AL101990,ISIDORE,1990,1990-09-11,HU,80,979.0
AL101990,ISIDORE,1990,1990-09-12,HU,75,979.0
AL101990,ISIDORE,1990,1990-09-12,HU,75,980.0
AL101990,ISIDORE,1990,1990-09-12,HU,70,986.0
AL101990,ISIDORE,1990,1990-09-12,HU,65,987.0
AL101990,ISIDORE,1990,1990-09-13,HU,65,987.0
AL101990,ISIDORE,1990,1990-09-13,HU,65,987.0
AL101990,ISIDORE,1990,1990-09-13,HU,65,987.0
AL101990,ISIDORE,1990,1990-09-13,HU,65,987.0
AL101990,ISIDORE,1990,1990-09-14,HU,65,987.0
AL101990,ISIDORE,1990,1990-09-14,HU,65,987.0
AL101990,ISIDORE,1990,1990-09-14,HU,65,987.0
AL101990,ISIDORE,1990,1990-09-14,HU,65,987.0
AL101990,ISIDORE,1990,1990-09-15,HU,65,987.0
AL101990,ISIDORE,1990,1990-09-15,HU,65,987.0
AL101990,ISIDORE,1990,1990-09-15,HU,65,987.0
AL101990,ISIDORE,1990,1990-09-15,HU,65,987.0
AL101990,ISIDORE,1990,1990-09-16,HU,65,987.0
AL121990,JOSEPHINE,1990,1990-10-05,HU,65,987.0
AL121990,JOSEPHINE,1990,1990-10-05,HU,65,986.0
AL121990,JOSEPHINE,1990,1990-10-05,HU,70,984.0
AL121990,JOSEPHINE,1990,1990-10-05,HU,75,980.0
AL121990,JOSEPHINE,1990,1990-10-06,HU,70,984.0
AL121990,JOSEPHINE,1990,1990-10-06,HU,70,985.0
AL131990,KLAUS,1990,1990-10-05,HU,70,985.0
AL131990,KLAUS,1990,1990-10-05,HU,70,991.0
AL131990,KLAUS,1990,1990-10-06,HU,65,992.0
AL141990,LILI,1990,1990-10-11,HU,65,987.0
AL141990,LILI,1990,1990-10-11,HU,65,987.0
AL141990,LILI,1990,1990-10-11,HU,65,988.0
AL141990,LILI,1990,1990-10-11,HU,65,990.0
AL141990,LILI,1990,1990-10-12,HU,65,995.0
AL141990,LILI,1990,1990-10-12,HU,65,995.0
AL141990,LILI,1990,1990-10-12,HU,65,994.0
AL141990,LILI,1990,1990-10-12,HU,65,993.0
AL141990,LILI,1990,1990-10-13,HU,65,992.0
AL141990,LILI,1990,1990-10-13,HU,65,992.0
AL161990,NANA,1990,1990-10-17,HU,65,995.0
AL161990,NANA,1990,1990-10-18,HU,70,990.0
AL161990,NANA,1990,1990-10-18,HU,75,990.0
AL161990,NANA,1990,1990-10-18,HU,75,994.0
AL161990,NANA,1990,1990-10-18,HU,70,994.0
AL161990,NANA,1990,1990-10-19,HU,65,993.0
AL161990,NANA,1990,1990-10-19,HU,70,992.0
AL161990,NANA,1990,1990-10-19,HU,75,989.0
AL161990,NANA,1990,1990-10-19,HU,70,991.0
AL031991,BOB,1991,1991-08-17,HU,65,986.0
AL031991,BOB,1991,1991-08-18,HU,70,980.0
AL031991,BOB,1991,1991-08-18,HU,75,979.0
AL031991,BOB,1991,1991-08-18,HU,80,974.0
AL031991,BOB,1991,1991-08-18,HU,85,965.0
AL031991,BOB,1991,1991-08-19,HU,95,957.0
AL031991,BOB,1991,1991-08-19,HU,100,950.0
AL031991,BOB,1991,1991-08-19,HU,95,953.0
AL031991,BOB,1991,1991-08-19,HU,90,962.0
AL031991,BOB,1991,1991-08-19,HU,85,964.0
AL061991,CLAUDETTE,1991,1991-09-06,HU,75,979.0
AL061991,CLAUDETTE,1991,1991-09-06,HU,95,965.0
AL061991,CLAUDETTE,1991,1991-09-07,HU,105,953.0
AL061991,CLAUDETTE,1991,1991-09-07,HU,110,946.0
AL061991,CLAUDETTE,1991,1991-09-07,HU,115,944.0
AL061991,CLAUDETTE,1991,1991-09-07,HU,115,946.0
AL061991,CLAUDETTE,1991,1991-09-07,HU,100,960.0
AL061991,CLAUDETTE,1991,1991-09-08,HU,90,962.0
AL061991,CLAUDETTE,1991,1991-09-08,HU,85,964.0
AL061991,CLAUDETTE,1991,1991-09-08,HU,85,966.0
AL061991,CLAUDETTE,1991,1991-09-08,HU,80,967.0
AL061991,CLAUDETTE,1991,1991-09-09,HU,80,972.0
AL061991,CLAUDETTE,1991,1991-09-09,HU,75,976.0
AL061991,CLAUDETTE,1991,1991-09-09,HU,75,980.0
AL061991,CLAUDETTE,1991,1991-09-09,HU,75,984.0
AL061991,CLAUDETTE,1991,1991-09-10,HU,70,988.0
AL111991,GRACE,1991,1991-10-28,HU,65,985.0
AL111991,GRACE,1991,1991-10-28,HU,65,983.0
AL111991,GRACE,1991,1991-10-28,HU,65,983.0
AL111991,GRACE,1991,1991-10-28,HU,65,982.0
AL111991,GRACE,1991,1991-10-29,HU,70,980.0
AL111991,GRACE,1991,1991-10-29,HU,75,981.0
AL111991,GRACE,1991,1991-10-29,HU,85,982.0
AL111991,GRACE,1991,1991-10-29,HU,90,982.0
AL121991,UNNAMED,1991,1991-11-01,HU,65,980.0
AL121991,UNNAMED,1991,1991-11-02,HU,65,981.0
AL041992,ANDREW,1992,1992-08-22,HU,65,994.0
AL041992,ANDREW,1992,1992-08-22,HU,80,981.0
AL041992,ANDREW,1992,1992-08-22,HU,95,969.0
AL041992,ANDREW,1992,1992-08-23,HU,110,961.0
AL041992,ANDREW,1992,1992-08-23,HU,130,947.0
AL041992,ANDREW,1992,1992-08-23,HU,145,933.0
AL041992,ANDREW,1992,1992-08-23,HU,150,922.0
AL041992,ANDREW,1992,1992-08-23,HU,140,923.0
AL041992,ANDREW,1992,1992-08-24,HU,125,930.0
AL041992,ANDREW,1992,1992-08-24,HU,130,931.0
AL041992,ANDREW,1992,1992-08-24,HU,130,937.0
AL041992,ANDREW,1992,1992-08-24,HU,145,926.0
AL041992,ANDREW,1992,1992-08-24,HU,145,922.0
AL041992,ANDREW,1992,1992-08-24,HU,115,951.0
AL041992,ANDREW,1992,1992-08-24,HU,115,947.0
AL041992,ANDREW,1992,1992-08-25,HU,115,943.0
AL041992,ANDREW,1992,1992-08-25,HU,115,948.0
AL041992,ANDREW,1992,1992-08-25,HU,120,946.0
AL041992,ANDREW,1992,1992-08-25,HU,125,941.0
AL041992,ANDREW,1992,1992-08-26,HU,125,937.0
AL041992,ANDREW,1992,1992-08-26,HU,120,955.0
AL041992,ANDREW,1992,1992-08-26,HU,100,956.0
AL041992,ANDREW,1992,1992-08-26,HU,80,973.0
AL051992,BONNIE,1992,1992-09-18,HU,65,988.0
AL051992,BONNIE,1992,1992-09-19,HU,75,980.0
AL051992,BONNIE,1992,1992-09-19,HU,80,976.0
AL051992,BONNIE,1992,1992-09-19,HU,85,973.0
AL051992,BONNIE,1992,1992-09-19,HU,90,970.0
AL051992,BONNIE,1992,1992-09-20,HU,90,970.0
AL051992,BONNIE,1992,1992-09-20,HU,85,973.0
AL051992,BONNIE,1992,1992-09-20,HU,85,974.0
AL051992,BONNIE,1992,1992-09-20,HU,85,973.0
AL051992,BONNIE,1992,1992-09-21,HU,90,972.0
AL051992,BONNIE,1992,1992-09-21,HU,90,970.0
AL051992,BONNIE,1992,1992-09-21,HU,90,968.0
AL051992,BONNIE,1992,1992-09-21,HU,95,965.0
AL051992,BONNIE,1992,1992-09-22,HU,95,966.0
AL051992,BONNIE,1992,1992-09-22,HU,95,967.0
AL051992,BONNIE,1992,1992-09-22,HU,90,968.0
AL051992,BONNIE,1992,1992-09-22,HU,90,969.0
AL051992,BONNIE,1992,1992-09-23,HU,90,970.0
AL051992,BONNIE,1992,1992-09-23,HU,85,972.0
AL051992,BONNIE,1992,1992-09-23,HU,85,974.0
AL051992,BONNIE,1992,1992-09-23,HU,80,977.0
AL051992,BONNIE,1992,1992-09-24,HU,75,979.0
AL051992,BONNIE,1992,1992-09-24,HU,70,983.0
AL051992,BONNIE,1992,1992-09-24,HU,65,987.0
AL061992,CHARLEY,1992,1992-09-23,HU,65,987.0
AL061992,CHARLEY,1992,1992-09-23,HU,75,981.0
AL061992,CHARLEY,1992,1992-09-24,HU,85,975.0
AL061992,CHARLEY,1992,1992-09-24,HU,90,970.0
AL061992,CHARLEY,1992,1992-09-24,HU,90,967.0
AL061992,CHARLEY,1992,1992-09-24,HU,95,965.0
AL061992,CHARLEY,1992,1992-09-25,HU,95,967.0
AL061992,CHARLEY,1992,1992-09-25,HU,90,970.0
AL061992,CHARLEY,1992,1992-09-25,HU,85,973.0
AL061992,CHARLEY,1992,1992-09-25,HU,75,976.0
AL061992,CHARLEY,1992,1992-09-26,HU,70,979.0
AL061992,CHARLEY,1992,1992-09-26,HU,65,980.0
AL061992,CHARLEY,1992,1992-09-26,HU,65,980.0
AL061992,CHARLEY,1992,1992-09-26,HU,65,980.0
AL101992,FRANCES,1992,1992-10-23,HU,65,986.0
AL101992,FRANCES,1992,1992-10-24,HU,65,978.0
AL101992,FRANCES,1992,1992-10-24,HU,70,977.0
AL101992,FRANCES,1992,1992-10-24,HU,75,976.0
AL101992,FRANCES,1992,1992-10-24,HU,75,976.0
AL101992,FRANCES,1992,1992-10-25,HU,70,978.0
AL101992,FRANCES,1992,1992-10-25,HU,65,980.0
AL101992,FRANCES,1992,1992-10-25,HU,65,982.0
AL051993,EMILY,1993,1993-08-26,HU,65,1004.0
AL051993,EMILY,1993,1993-08-27,HU,65,982.0
AL051993,EMILY,1993,1993-08-28,HU,75,981.0
AL051993,EMILY,1993,1993-08-28,HU,75,982.0
AL051993,EMILY,1993,1993-08-28,HU,75,981.0
AL051993,EMILY,1993,1993-08-28,HU,75,976.0
AL051993,EMILY,1993,1993-08-29,HU,70,973.0
AL051993,EMILY,1993,1993-08-29,HU,70,978.0
AL051993,EMILY,1993,1993-08-29,HU,70,979.0
AL051993,EMILY,1993,1993-08-29,HU,70,978.0
AL051993,EMILY,1993,1993-08-30,HU,70,977.0
AL051993,EMILY,1993,1993-08-30,HU,70,976.0
AL051993,EMILY,1993,1993-08-30,HU,75,975.0
AL051993,EMILY,1993,1993-08-30,HU,75,974.0
AL051993,EMILY,1993,1993-08-31,HU,80,972.0
AL051993,EMILY,1993,1993-08-31,HU,85,970.0
AL051993,EMILY,1993,1993-08-31,HU,95,965.0
AL051993,EMILY,1993,1993-08-31,HU,100,962.0
AL051993,EMILY,1993,1993-08-31,HU,100,961.0
AL051993,EMILY,1993,1993-09-01,HU,100,960.0
AL051993,EMILY,1993,1993-09-01,HU,100,962.0
AL051993,EMILY,1993,1993-09-01,HU,95,965.0
AL051993,EMILY,1993,1993-09-01,HU,90,969.0
AL051993,EMILY,1993,1993-09-02,HU,90,971.0
AL051993,EMILY,1993,1993-09-02,HU,90,972.0
AL051993,EMILY,1993,1993-09-02,HU,90,973.0
AL051993,EMILY,1993,1993-09-02,HU,85,974.0
AL051993,EMILY,1993,1993-09-03,HU,80,975.0
AL051993,EMILY,1993,1993-09-03,HU,75,979.0
AL051993,EMILY,1993,1993-09-03,HU,70,985.0
AL071993,FLOYD,1993,1993-09-09,HU,65,990.0
AL071993,FLOYD,1993,1993-09-10,HU,65,990.0
AL071993,FLOYD,1993,1993-09-10,HU,65,990.0
AL071993,FLOYD,1993,1993-09-10,HU,65,990.0
AL081993,GERT,1993,1993-09-20,HU,65,982.0
AL081993,GERT,1993,1993-09-20,HU,80,978.0
AL081993,GERT,1993,1993-09-20,HU,85,970.0
AL081993,GERT,1993,1993-09-20,HU,85,970.0
AL081993,GERT,1993,1993-09-21,HU,65,984.0
AL091993,HARVEY,1993,1993-09-20,HU,65,990.0
AL041994,CHRIS,1994,1994-08-18,HU,65,987.0
AL041994,CHRIS,1994,1994-08-18,HU,65,987.0
AL041994,CHRIS,1994,1994-08-18,HU,65,987.0
AL041994,CHRIS,1994,1994-08-19,HU,70,985.0
AL041994,CHRIS,1994,1994-08-19,HU,70,979.0
AL041994,CHRIS,1994,1994-08-19,HU,70,979.0
AL041994,CHRIS,1994,1994-08-19,HU,70,980.0
AL041994,CHRIS,1994,1994-08-20,HU,65,984.0
AL111994,FLORENCE,1994,1994-11-04,HU,65,990.0
AL111994,FLORENCE,1994,1994-11-05,HU,65,987.0
AL111994,FLORENCE,1994,1994-11-05,HU,65,986.0
AL111994,FLORENCE,1994,1994-11-05,HU,70,984.0
AL111994,FLORENCE,1994,1994-11-05,HU,75,981.0
AL111994,FLORENCE,1994,1994-11-06,HU,75,980.0
AL111994,FLORENCE,1994,1994-11-06,HU,75,980.0
AL111994,FLORENCE,1994,1994-11-06,HU,75,980.0
AL111994,FLORENCE,1994,1994-11-06,HU,65,982.0
AL111994,FLORENCE,1994,1994-11-07,HU,65,982.0
AL111994,FLORENCE,1994,1994-11-07,HU,70,981.0
AL111994,FLORENCE,1994,1994-11-07,HU,80,975.0
AL111994,FLORENCE,1994,1994-11-07,HU,90,972.0
AL111994,FLORENCE,1994,1994-11-08,HU,95,972.0
AL111994,FLORENCE,1994,1994-11-08,HU,95,974.0
AL111994,FLORENCE,1994,1994-11-08,HU,85,977.0
AL111994,FLORENCE,1994,1994-11-08,HU,75,982.0
AL121994,GORDON,1994,1994-11-17,HU,65,981.0
AL121994,GORDON,1994,1994-11-18,HU,75,980.0
AL121994,GORDON,1994,1994-11-18,HU,70,981.0
AL121994,GORDON,1994,1994-11-18,HU,70,984.0
AL011995,ALLISON,1995,1995-06-04,HU,65,987.0
AL011995,ALLISON,1995,1995-06-04,HU,65,988.0
AL011995,ALLISON,1995,1995-06-05,HU,65,988.0
AL051995,ERIN,1995,1995-08-01,HU,70,992.0
AL051995,ERIN,1995,1995-08-01,HU,75,988.0
AL051995,ERIN,1995,1995-08-01,HU,75,985.0
AL051995,ERIN,1995,1995-08-01,HU,75,980.0
AL051995,ERIN,1995,1995-08-02,HU,75,982.0
AL051995,ERIN,1995,1995-08-02,HU,75,985.0
AL051995,ERIN,1995,1995-08-02,HU,75,984.0
AL051995,ERIN,1995,1995-08-03,HU,65,985.0
AL051995,ERIN,1995,1995-08-03,HU,70,979.0
AL051995,ERIN,1995,1995-08-03,HU,80,974.0
AL051995,ERIN,1995,1995-08-03,HU,85,973.0
AL051995,ERIN,1995,1995-08-03,HU,75,973.0
AL051995,ERIN,1995,1995-08-03,HU,65,985.0
AL071995,FELIX,1995,1995-08-11,HU,65,987.0
AL071995,FELIX,1995,1995-08-11,HU,70,980.0
AL071995,FELIX,1995,1995-08-11,HU,80,972.0
AL071995,FELIX,1995,1995-08-11,HU,90,965.0
AL071995,FELIX,1995,1995-08-12,HU,100,955.0
AL071995,FELIX,1995,1995-08-12,HU,110,943.0
AL071995,FELIX,1995,1995-08-12,HU,115,932.0
AL071995,FELIX,1995,1995-08-12,HU,120,929.0
AL071995,FELIX,1995,1995-08-13,HU,115,930.0
AL071995,FELIX,1995,1995-08-13,HU,105,937.0
AL071995,FELIX,1995,1995-08-13,HU,100,942.0
AL071995,FELIX,1995,1995-08-13,HU,95,947.0
AL071995,FELIX,1995,1995-08-14,HU,90,948.0
AL071995,FELIX,1995,1995-08-14,HU,80,954.0
AL071995,FELIX,1995,1995-08-14,HU,80,962.0
AL071995,FELIX,1995,1995-08-14,HU,75,962.0
AL071995,FELIX,1995,1995-08-15,HU,75,962.0
AL071995,FELIX,1995,1995-08-15,HU,75,964.0
AL071995,FELIX,1995,1995-08-15,HU,70,968.0
AL071995,FELIX,1995,1995-08-15,HU,70,965.0
AL071995,FELIX,1995,1995-08-16,HU,70,963.0
AL071995,FELIX,1995,1995-08-16,HU,70,966.0
AL071995,FELIX,1995,1995-08-16,HU,70,968.0
AL071995,FELIX,1995,1995-08-16,HU,70,970.0
AL071995,FELIX,1995,1995-08-17,HU,65,968.0
AL071995,FELIX,1995,1995-08-17,HU,65,971.0
AL071995,FELIX,1995,1995-08-17,HU,65,972.0
AL071995,FELIX,1995,1995-08-17,HU,65,973.0
AL071995,FELIX,1995,1995-08-18,HU,65,973.0
AL071995,FELIX,1995,1995-08-18,HU,65,971.0
AL071995,FELIX,1995,1995-08-18,HU,65,970.0
AL071995,FELIX,1995,1995-08-18,HU,70,971.0
AL071995,FELIX,1995,1995-08-19,HU,70,970.0
AL071995,FELIX,1995,1995-08-19,HU,70,970.0
AL071995,FELIX,1995,1995-08-19,HU,70,971.0
AL071995,FELIX,1995,1995-08-19,HU,70,973.0
AL071995,FELIX,1995,1995-08-20,HU,65,976.0
AL091995,HUMBERTO,1995,1995-08-23,HU,65,987.0
AL091995,HUMBERTO,1995,1995-08-23,HU,70,985.0
AL091995,HUMBERTO,1995,1995-08-23,HU,75,982.0
AL091995,HUMBERTO,1995,1995-08-24,HU,80,975.0
AL091995,HUMBERTO,1995,1995-08-24,HU,85,973.0
AL091995,HUMBERTO,1995,1995-08-24,HU,90,971.0
AL091995,HUMBERTO,1995,1995-08-24,HU,95,968.0
AL091995,HUMBERTO,1995,1995-08-25,HU,90,970.0
AL091995,HUMBERTO,1995,1995-08-25,HU,90,970.0
AL091995,HUMBERTO,1995,1995-08-25,HU,90,970.0
AL091995,HUMBERTO,1995,1995-08-25,HU,90,970.0
AL091995,HUMBERTO,1995,1995-08-26,HU,90,970.0
AL091995,HUMBERTO,1995,1995-08-26,HU,90,970.0
AL091995,HUMBERTO,1995,1995-08-26,HU,85,972.0
AL091995,HUMBERTO,1995,1995-08-26,HU,80,975.0
AL091995,HUMBERTO,1995,1995-08-27,HU,80,980.0
AL091995,HUMBERTO,1995,1995-08-27,HU,75,982.0
AL091995,HUMBERTO,1995,1995-08-27,HU,70,984.0
AL091995,HUMBERTO,1995,1995-08-27,HU,70,986.0
AL091995,HUMBERTO,1995,1995-08-28,HU,65,992.0
AL091995,HUMBERTO,1995,1995-08-28,HU,65,994.0
AL091995,HUMBERTO,1995,1995-08-28,HU,65,991.0
AL091995,HUMBERTO,1995,1995-08-28,HU,65,987.0
AL091995,HUMBERTO,1995,1995-08-29,HU,65,985.0
AL091995,HUMBERTO,1995,1995-08-29,HU,70,983.0
AL091995,HUMBERTO,1995,1995-08-29,HU,75,981.0
AL091995,HUMBERTO,1995,1995-08-29,HU,75,979.0
AL091995,HUMBERTO,1995,1995-08-30,HU,80,978.0
AL091995,HUMBERTO,1995,1995-08-30,HU,80,976.0
AL091995,HUMBERTO,1995,1995-08-30,HU,80,974.0
AL091995,HUMBERTO,1995,1995-08-30,HU,80,971.0
AL091995,HUMBERTO,1995,1995-08-31,HU,80,970.0
AL091995,HUMBERTO,1995,1995-08-31,HU,80,971.0
AL091995,HUMBERTO,1995,1995-08-31,HU,70,985.0
AL101995,IRIS,1995,1995-08-23,HU,75,991.0
AL101995,IRIS,1995,1995-08-24,HU,70,992.0
AL101995,IRIS,1995,1995-08-24,HU,70,992.0
AL101995,IRIS,1995,1995-08-24,HU,65,992.0
AL101995,IRIS,1995,1995-08-28,HU,65,983.0
AL101995,IRIS,1995,1995-08-29,HU,70,981.0
AL101995,IRIS,1995,1995-08-29,HU,80,974.0
AL101995,IRIS,1995,1995-08-29,HU,75,973.0
AL101995,IRIS,1995,1995-08-29,HU,70,975.0
AL101995,IRIS,1995,1995-08-30,HU,70,976.0
AL101995,IRIS,1995,1995-08-30,HU,70,977.0
AL101995,IRIS,1995,1995-08-30,HU,75,972.0
AL101995,IRIS,1995,1995-08-30,HU,75,971.0
AL101995,IRIS,1995,1995-08-31,HU,75,971.0
AL101995,IRIS,1995,1995-08-31,HU,75,971.0
AL101995,IRIS,1995,1995-08-31,HU,75,971.0
AL101995,IRIS,1995,1995-08-31,HU,85,968.0
AL101995,IRIS,1995,1995-09-01,HU,90,967.0
AL101995,IRIS,1995,1995-09-01,HU,95,965.0
AL101995,IRIS,1995,1995-09-01,HU,90,967.0
AL101995,IRIS,1995,1995-09-01,HU,85,969.0
AL101995,IRIS,1995,1995-09-02,HU,85,971.0
AL101995,IRIS,1995,1995-09-02,HU,85,973.0
AL101995,IRIS,1995,1995-09-02,HU,80,978.0
AL101995,IRIS,1995,1995-09-02,HU,75,983.0
AL101995,IRIS,1995,1995-09-03,HU,75,982.0
AL101995,IRIS,1995,1995-09-03,HU,75,982.0
AL101995,IRIS,1995,1995-09-03,HU,75,982.0
AL101995,IRIS,1995,1995-09-03,HU,70,985.0
AL101995,IRIS,1995,1995-09-04,HU,65,987.0
AL131995,LUIS,1995,1995-08-31,HU,75,992.0
AL131995,LUIS,1995,1995-08-31,HU,80,979.0
AL131995,LUIS,1995,1995-08-31,HU,90,971.0
AL131995,LUIS,1995,1995-09-01,HU,100,965.0
AL131995,LUIS,1995,1995-09-01,HU,105,958.0
AL131995,LUIS,1995,1995-09-01,HU,115,950.0
AL131995,LUIS,1995,1995-09-01,HU,115,948.0
AL131995,LUIS,1995,1995-09-02,HU,115,948.0
AL131995,LUIS,1995,1995-09-02,HU,115,948.0
AL131995,LUIS,1995,1995-09-02,HU,120,948.0
AL131995,LUIS,1995,1995-09-02,HU,120,948.0
AL131995,LUIS,1995,1995-09-03,HU,120,948.0
AL131995,LUIS,1995,1995-09-03,HU,120,948.0
AL131995,LUIS,1995,1995-09-03,HU,120,948.0
AL131995,LUIS,1995,1995-09-03,HU,125,945.0
AL131995,LUIS,1995,1995-09-04,HU,125,942.0
AL131995,LUIS,1995,1995-09-04,HU,130,940.0
AL131995,LUIS,1995,1995-09-04,HU,130,945.0
AL131995,LUIS,1995,1995-09-04,HU,125,943.0
AL131995,LUIS,1995,1995-09-05,HU,125,940.0
AL131995,LUIS,1995,1995-09-05,HU,120,939.0
AL131995,LUIS,1995,1995-09-05,HU,115,945.0
AL131995,LUIS,1995,1995-09-05,HU,115,944.0
AL131995,LUIS,1995,1995-09-06,HU,115,942.0
AL131995,LUIS,1995,1995-09-06,HU,120,939.0
AL131995,LUIS,1995,1995-09-06,HU,120,943.0
AL131995,LUIS,1995,1995-09-06,HU,125,940.0
AL131995,LUIS,1995,1995-09-07,HU,125,938.0
AL131995,LUIS,1995,1995-09-07,HU,120,936.0
AL131995,LUIS,1995,1995-09-07,HU,115,941.0
AL131995,LUIS,1995,1995-09-07,HU,115,938.0
AL131995,LUIS,1995,1995-09-08,HU,115,935.0
AL131995,LUIS,1995,1995-09-08,HU,115,939.0
AL131995,LUIS,1995,1995-09-08,HU,110,941.0
AL131995,LUIS,1995,1995-09-08,HU,105,944.0
AL131995,LUIS,1995,1995-09-09,HU,100,945.0
AL131995,LUIS,1995,1995-09-09,HU,95,949.0
AL131995,LUIS,1995,1995-09-09,HU,90,952.0
AL131995,LUIS,1995,1995-09-09,HU,85,955.0
AL131995,LUIS,1995,1995-09-10,HU,85,959.0
AL131995,LUIS,1995,1995-09-10,HU,85,963.0
AL131995,LUIS,1995,1995-09-10,HU,85,961.0
AL151995,MARILYN,1995,1995-09-14,HU,65,988.0
AL151995,MARILYN,1995,1995-09-14,HU,70,987.0
AL151995,MARILYN,1995,1995-09-14,HU,70,986.0
AL151995,MARILYN,1995,1995-09-14,HU,70,983.0
AL151995,MARILYN,1995,1995-09-14,HU,70,984.0
AL151995,MARILYN,1995,1995-09-15,HU,75,985.0
AL151995,MARILYN,1995,1995-09-15,HU,80,977.0
AL151995,MARILYN,1995,1995-09-15,HU,80,974.0
AL151995,MARILYN,1995,1995-09-15,HU,85,969.0
AL151995,MARILYN,1995,1995-09-16,HU,90,962.0
AL151995,MARILYN,1995,1995-09-16,HU,95,952.0
AL151995,MARILYN,1995,1995-09-16,HU,95,951.0
AL151995,MARILYN,1995,1995-09-16,HU,100,950.0
AL151995,MARILYN,1995,1995-09-17,HU,100,950.0
AL151995,MARILYN,1995,1995-09-17,HU,100,949.0
AL151995,MARILYN,1995,1995-09-17,HU,95,953.0
AL151995,MARILYN,1995,1995-09-17,HU,80,965.0
AL151995,MARILYN,1995,1995-09-17,HU,80,968.0
AL151995,MARILYN,1995,1995-09-18,HU,85,963.0
AL151995,MARILYN,1995,1995-09-18,HU,85,965.0
AL151995,MARILYN,1995,1995-09-18,HU,85,966.0
AL151995,MARILYN,1995,1995-09-18,HU,80,966.0
AL151995,MARILYN,1995,1995-09-19,HU,80,969.0
AL151995,MARILYN,1995,1995-09-19,HU,75,970.0
AL151995,MARILYN,1995,1995-09-19,HU,75,976.0
AL151995,MARILYN,1995,1995-09-19,HU,80,974.0
AL151995,MARILYN,1995,1995-09-20,HU,80,974.0
AL151995,MARILYN,1995,1995-09-20,HU,75,976.0
AL151995,MARILYN,1995,1995-09-20,HU,70,978.0
AL151995,MARILYN,1995,1995-09-20,HU,70,980.0
AL151995,MARILYN,1995,1995-09-21,HU,65,982.0
AL151995,MARILYN,1995,1995-09-21,HU,65,984.0
AL151995,MARILYN,1995,1995-09-21,HU,65,987.0
AL161995,NOEL,1995,1995-09-28,HU,65,987.0
AL161995,NOEL,1995,1995-09-29,HU,65,987.0
AL161995,NOEL,1995,1995-09-29,HU,65,987.0
AL161995,NOEL,1995,1995-09-29,HU,65,987.0
AL161995,NOEL,1995,1995-09-29,HU,65,987.0
AL161995,NOEL,1995,1995-09-30,HU,65,987.0
AL161995,NOEL,1995,1995-09-30,HU,65,987.0
AL161995,NOEL,1995,1995-10-05,HU,65,987.0
AL161995,NOEL,1995,1995-10-05,HU,65,987.0
AL161995,NOEL,1995,1995-10-05,HU,65,987.0
AL161995,NOEL,1995,1995-10-05,HU,65,987.0
AL171995,OPAL,1995,1995-10-02,HU,65,973.0
AL171995,OPAL,1995,1995-10-02,HU,65,972.0
AL171995,OPAL,1995,1995-10-03,HU,70,970.0
AL171995,OPAL,1995,1995-10-03,HU,75,969.0
AL171995,OPAL,1995,1995-10-03,HU,80,968.0
AL171995,OPAL,1995,1995-10-03,HU,85,965.0
AL171995,OPAL,1995,1995-10-04,HU,100,953.0
AL171995,OPAL,1995,1995-10-04,HU,110,935.0
AL171995,OPAL,1995,1995-10-04,HU,130,916.0
AL171995,OPAL,1995,1995-10-04,HU,130,919.0
AL171995,OPAL,1995,1995-10-04,HU,110,938.0
AL171995,OPAL,1995,1995-10-04,HU,100,942.0
AL171995,OPAL,1995,1995-10-05,HU,80,950.0
AL191995,ROXANNE,1995,1995-10-10,HU,70,985.0
AL191995,ROXANNE,1995,1995-10-10,HU,80,972.0
AL191995,ROXANNE,1995,1995-10-10,HU,95,966.0
AL191995,ROXANNE,1995,1995-10-10,HU,100,956.0
AL191995,ROXANNE,1995,1995-10-11,HU,100,958.0
AL191995,ROXANNE,1995,1995-10-11,HU,100,958.0
AL191995,ROXANNE,1995,1995-10-11,HU,90,970.0
AL191995,ROXANNE,1995,1995-10-11,HU,75,983.0
AL191995,ROXANNE,1995,1995-10-11,HU,70,987.0
AL191995,ROXANNE,1995,1995-10-12,HU,65,990.0
AL191995,ROXANNE,1995,1995-10-12,HU,65,992.0
AL191995,ROXANNE,1995,1995-10-14,HU,65,980.0
AL191995,ROXANNE,1995,1995-10-14,HU,70,980.0
AL191995,ROXANNE,1995,1995-10-15,HU,70,979.0
AL191995,ROXANNE,1995,1995-10-15,HU,75,979.0
AL191995,ROXANNE,1995,1995-10-15,HU,75,980.0
AL191995,ROXANNE,1995,1995-10-15,HU,75,980.0
AL191995,ROXANNE,1995,1995-10-16,HU,75,981.0
AL191995,ROXANNE,1995,1995-10-16,HU,70,984.0
AL191995,ROXANNE,1995,1995-10-16,HU,65,985.0
AL191995,ROXANNE,1995,1995-10-16,HU,65,987.0
AL191995,ROXANNE,1995,1995-10-17,HU,65,991.0
AL211995,TANYA,1995,1995-10-29,HU,65,983.0
AL211995,TANYA,1995,1995-10-29,HU,70,982.0
AL211995,TANYA,1995,1995-10-30,HU,70,980.0
AL211995,TANYA,1995,1995-10-30,HU,70,980.0
AL211995,TANYA,1995,1995-10-30,HU,70,979.0
AL211995,TANYA,1995,1995-10-30,HU,75,977.0
AL211995,TANYA,1995,1995-10-31,HU,75,975.0
AL211995,TANYA,1995,1995-10-31,HU,75,972.0
AL211995,TANYA,1995,1995-10-31,HU,75,973.0
AL211995,TANYA,1995,1995-10-31,HU,75,973.0
AL211995,TANYA,1995,1995-11-01,HU,70,974.0
AL211995,TANYA,1995,1995-11-01,HU,65,974.0
AL021996,BERTHA,1996,1996-07-07,HU,70,992.0
AL021996,BERTHA,1996,1996-07-08,HU,75,988.0
AL021996,BERTHA,1996,1996-07-08,HU,75,985.0
AL021996,BERTHA,1996,1996-07-08,HU,70,983.0
AL021996,BERTHA,1996,1996-07-08,HU,75,978.0
AL021996,BERTHA,1996,1996-07-09,HU,80,970.0
AL021996,BERTHA,1996,1996-07-09,HU,100,960.0
AL021996,BERTHA,1996,1996-07-09,HU,100,965.0
AL021996,BERTHA,1996,1996-07-09,HU,90,967.0
AL021996,BERTHA,1996,1996-07-10,HU,85,969.0
AL021996,BERTHA,1996,1996-07-10,HU,80,971.0
AL021996,BERTHA,1996,1996-07-10,HU,80,968.0
AL021996,BERTHA,1996,1996-07-10,HU,80,966.0
AL021996,BERTHA,1996,1996-07-11,HU,75,968.0
AL021996,BERTHA,1996,1996-07-11,HU,75,972.0
AL021996,BERTHA,1996,1996-07-11,HU,75,977.0
AL021996,BERTHA,1996,1996-07-11,HU,70,980.0
AL021996,BERTHA,1996,1996-07-12,HU,70,982.0
AL021996,BERTHA,1996,1996-07-12,HU,70,984.0
AL021996,BERTHA,1996,1996-07-12,HU,85,975.0
AL021996,BERTHA,1996,1996-07-12,HU,90,974.0
AL021996,BERTHA,1996,1996-07-12,HU,90,974.0
AL021996,BERTHA,1996,1996-07-13,HU,65,993.0
AL031996,CESAR,1996,1996-07-27,HU,70,992.0
AL031996,CESAR,1996,1996-07-27,HU,65,994.0
AL031996,CESAR,1996,1996-07-28,HU,70,992.0
AL031996,CESAR,1996,1996-07-28,HU,75,985.0
AL031996,CESAR,1996,1996-07-28,HU,70,990.0
AL041996,DOLLY,1996,1996-08-20,HU,65,999.0
AL041996,DOLLY,1996,1996-08-20,HU,65,999.0
AL041996,DOLLY,1996,1996-08-23,HU,70,989.0
AL051996,EDOUARD,1996,1996-08-23,HU,65,988.0
AL051996,EDOUARD,1996,1996-08-23,HU,65,986.0
AL051996,EDOUARD,1996,1996-08-24,HU,70,983.0
AL051996,EDOUARD,1996,1996-08-24,HU,75,980.0
AL051996,EDOUARD,1996,1996-08-24,HU,90,970.0
AL051996,EDOUARD,1996,1996-08-24,HU,100,960.0
AL051996,EDOUARD,1996,1996-08-25,HU,120,942.0
AL051996,EDOUARD,1996,1996-08-25,HU,125,933.0
AL051996,EDOUARD,1996,1996-08-25,HU,125,934.0
AL051996,EDOUARD,1996,1996-08-25,HU,125,935.0
AL051996,EDOUARD,1996,1996-08-26,HU,125,936.0
AL051996,EDOUARD,1996,1996-08-26,HU,125,936.0
AL051996,EDOUARD,1996,1996-08-26,HU,125,937.0
AL051996,EDOUARD,1996,1996-08-26,HU,125,938.0
AL051996,EDOUARD,1996,1996-08-27,HU,125,942.0
AL051996,EDOUARD,1996,1996-08-27,HU,120,948.0
AL051996,EDOUARD,1996,1996-08-27,HU,115,952.0
AL051996,EDOUARD,1996,1996-08-27,HU,115,951.0
AL051996,EDOUARD,1996,1996-08-28,HU,125,944.0
AL051996,EDOUARD,1996,1996-08-28,HU,115,952.0
AL051996,EDOUARD,1996,1996-08-28,HU,110,960.0
AL051996,EDOUARD,1996,1996-08-28,HU,110,956.0
AL051996,EDOUARD,1996,1996-08-29,HU,110,957.0
AL051996,EDOUARD,1996,1996-08-29,HU,110,961.0
AL051996,EDOUARD,1996,1996-08-29,HU,115,950.0
AL051996,EDOUARD,1996,1996-08-29,HU,120,948.0
AL051996,EDOUARD,1996,1996-08-30,HU,120,941.0
AL051996,EDOUARD,1996,1996-08-30,HU,120,939.0
AL051996,EDOUARD,1996,1996-08-30,HU,120,938.0
AL051996,EDOUARD,1996,1996-08-30,HU,120,934.0
AL051996,EDOUARD,1996,1996-08-31,HU,110,944.0
AL051996,EDOUARD,1996,1996-08-31,HU,105,950.0
AL051996,EDOUARD,1996,1996-08-31,HU,105,952.0
AL051996,EDOUARD,1996,1996-08-31,HU,100,953.0
AL051996,EDOUARD,1996,1996-09-01,HU,100,959.0
AL051996,EDOUARD,1996,1996-09-01,HU,100,958.0
AL051996,EDOUARD,1996,1996-09-01,HU,95,958.0
AL051996,EDOUARD,1996,1996-09-01,HU,85,960.0
AL051996,EDOUARD,1996,1996-09-02,HU,80,964.0
AL051996,EDOUARD,1996,1996-09-02,HU,70,961.0
AL051996,EDOUARD,1996,1996-09-02,HU,70,962.0
AL051996,EDOUARD,1996,1996-09-02,HU,65,972.0
AL061996,FRAN,1996,1996-08-29,HU,65,987.0
AL061996,FRAN,1996,1996-08-29,HU,65,987.0
AL061996,FRAN,1996,1996-08-29,HU,65,988.0
AL061996,FRAN,1996,1996-08-29,HU,65,988.0
AL061996,FRAN,1996,1996-08-30,HU,65,991.0
AL061996,FRAN,1996,1996-08-30,HU,65,991.0
AL061996,FRAN,1996,1996-08-30,HU,65,989.0
AL061996,FRAN,1996,1996-08-31,HU,65,984.0
AL061996,FRAN,1996,1996-08-31,HU,65,983.0
AL061996,FRAN,1996,1996-09-01,HU,65,978.0
AL061996,FRAN,1996,1996-09-01,HU,65,982.0
AL061996,FRAN,1996,1996-09-01,HU,70,982.0
AL061996,FRAN,1996,1996-09-01,HU,75,981.0
AL061996,FRAN,1996,1996-09-02,HU,75,978.0
AL061996,FRAN,1996,1996-09-02,HU,75,976.0
AL061996,FRAN,1996,1996-09-02,HU,75,976.0
AL061996,FRAN,1996,1996-09-02,HU,75,976.0
AL061996,FRAN,1996,1996-09-03,HU,75,977.0
AL061996,FRAN,1996,1996-09-03,HU,80,975.0
AL061996,FRAN,1996,1996-09-03,HU,80,973.0
AL061996,FRAN,1996,1996-09-03,HU,85,968.0
AL061996,FRAN,1996,1996-09-04,HU,95,961.0
AL061996,FRAN,1996,1996-09-04,HU,100,953.0
AL061996,FRAN,1996,1996-09-04,HU,105,956.0
AL061996,FRAN,1996,1996-09-04,HU,105,952.0
AL061996,FRAN,1996,1996-09-05,HU,105,946.0
AL061996,FRAN,1996,1996-09-05,HU,105,952.0
AL061996,FRAN,1996,1996-09-05,HU,100,954.0
AL061996,FRAN,1996,1996-09-05,HU,100,952.0
AL061996,FRAN,1996,1996-09-06,HU,100,954.0
AL061996,FRAN,1996,1996-09-06,HU,100,954.0
AL061996,FRAN,1996,1996-09-06,HU,65,970.0
AL081996,HORTENSE,1996,1996-09-09,HU,70,987.0
AL081996,HORTENSE,1996,1996-09-09,HU,70,985.0
AL081996,HORTENSE,1996,1996-09-09,HU,70,990.0
AL081996,HORTENSE,1996,1996-09-10,HU,70,989.0
AL081996,HORTENSE,1996,1996-09-10,HU,70,989.0
AL081996,HORTENSE,1996,1996-09-10,HU,65,989.0
AL081996,HORTENSE,1996,1996-09-10,HU,65,990.0
AL081996,HORTENSE,1996,1996-09-11,HU,70,982.0
AL081996,HORTENSE,1996,1996-09-11,HU,75,975.0
AL081996,HORTENSE,1996,1996-09-11,HU,90,971.0
AL081996,HORTENSE,1996,1996-09-11,HU,95,970.0
AL081996,HORTENSE,1996,1996-09-12,HU,100,967.0
AL081996,HORTENSE,1996,1996-09-12,HU,105,962.0
AL081996,HORTENSE,1996,1996-09-12,HU,115,959.0
AL081996,HORTENSE,1996,1996-09-12,HU,115,946.0
AL081996,HORTENSE,1996,1996-09-13,HU,120,935.0
AL081996,HORTENSE,1996,1996-09-13,HU,115,942.0
AL081996,HORTENSE,1996,1996-09-13,HU,100,948.0
AL081996,HORTENSE,1996,1996-09-13,HU,100,948.0
AL081996,HORTENSE,1996,1996-09-14,HU,90,948.0
AL081996,HORTENSE,1996,1996-09-14,HU,90,955.0
AL081996,HORTENSE,1996,1996-09-14,HU,85,960.0
AL081996,HORTENSE,1996,1996-09-14,HU,75,960.0
AL081996,HORTENSE,1996,1996-09-15,HU,70,970.0
AL081996,HORTENSE,1996,1996-09-15,HU,70,978.0
AL081996,HORTENSE,1996,1996-09-15,HU,65,980.0
AL091996,ISIDORE,1996,1996-09-26,HU,70,984.0
AL091996,ISIDORE,1996,1996-09-26,HU,70,980.0
AL091996,ISIDORE,1996,1996-09-26,HU,75,977.0
AL091996,ISIDORE,1996,1996-09-27,HU,80,974.0
AL091996,ISIDORE,1996,1996-09-27,HU,85,972.0
AL091996,ISIDORE,1996,1996-09-27,HU,90,968.0
AL091996,ISIDORE,1996,1996-09-27,HU,95,963.0
AL091996,ISIDORE,1996,1996-09-28,HU,100,960.0
AL091996,ISIDORE,1996,1996-09-28,HU,100,961.0
AL091996,ISIDORE,1996,1996-09-28,HU,95,965.0
AL091996,ISIDORE,1996,1996-09-28,HU,90,968.0
AL091996,ISIDORE,1996,1996-09-29,HU,85,973.0
AL091996,ISIDORE,1996,1996-09-29,HU,75,979.0
AL091996,ISIDORE,1996,1996-09-29,HU,70,982.0
AL091996,ISIDORE,1996,1996-09-29,HU,65,986.0
AL121996,LILI,1996,1996-10-17,HU,65,987.0
AL121996,LILI,1996,1996-10-17,HU,70,984.0
AL121996,LILI,1996,1996-10-18,HU,70,982.0
AL121996,LILI,1996,1996-10-18,HU,75,980.0
AL121996,LILI,1996,1996-10-18,HU,85,975.0
AL121996,LILI,1996,1996-10-18,HU,85,975.0
AL121996,LILI,1996,1996-10-18,HU,80,975.0
AL121996,LILI,1996,1996-10-19,HU,85,975.0
AL121996,LILI,1996,1996-10-19,HU,90,970.0
AL121996,LILI,1996,1996-10-19,HU,100,960.0
AL121996,LILI,1996,1996-10-19,HU,90,962.0
AL121996,LILI,1996,1996-10-20,HU,80,964.0
AL121996,LILI,1996,1996-10-20,HU,80,968.0
AL121996,LILI,1996,1996-10-20,HU,85,960.0
AL121996,LILI,1996,1996-10-20,HU,75,970.0
AL121996,LILI,1996,1996-10-21,HU,75,980.0
AL121996,LILI,1996,1996-10-21,HU,70,985.0
AL121996,LILI,1996,1996-10-21,HU,65,986.0
AL121996,LILI,1996,1996-10-21,HU,65,987.0
AL121996,LILI,1996,1996-10-22,HU,65,987.0
AL121996,LILI,1996,1996-10-22,HU,65,987.0
AL121996,LILI,1996,1996-10-22,HU,65,987.0
AL121996,LILI,1996,1996-10-22,HU,65,987.0
AL121996,LILI,1996,1996-10-23,HU,65,987.0
AL121996,LILI,1996,1996-10-23,HU,65,985.0
AL121996,LILI,1996,1996-10-23,HU,65,981.0
AL121996,LILI,1996,1996-10-23,HU,70,979.0
AL121996,LILI,1996,1996-10-24,HU,70,979.0
AL121996,LILI,1996,1996-10-24,HU,70,979.0
AL121996,LILI,1996,1996-10-24,HU,70,979.0
AL121996,LILI,1996,1996-10-24,HU,75,979.0
AL121996,LILI,1996,1996-10-25,HU,80,977.0
AL121996,LILI,1996,1996-10-25,HU,80,973.0
AL121996,LILI,1996,1996-10-25,HU,85,970.0
AL121996,LILI,1996,1996-10-25,HU,80,971.0
AL121996,LILI,1996,1996-10-26,HU,75,975.0
AL121996,LILI,1996,1996-10-26,HU,70,978.0
AL121996,LILI,1996,1996-10-26,HU,65,979.0
AL131996,MARCO,1996,1996-11-20,HU,65,983.0
AL131996,MARCO,1996,1996-11-20,HU,65,989.0
AL031997,BILL,1997,1997-07-12,HU,65,987.0
AL031997,BILL,1997,1997-07-12,HU,65,986.0
AL031997,BILL,1997,1997-07-12,HU,65,987.0
AL051997,DANNY,1997,1997-07-18,HU,65,992.0
AL051997,DANNY,1997,1997-07-18,HU,65,989.0
AL051997,DANNY,1997,1997-07-18,HU,70,990.0
AL051997,DANNY,1997,1997-07-18,HU,70,988.0
AL051997,DANNY,1997,1997-07-19,HU,70,984.0
AL051997,DANNY,1997,1997-07-19,HU,65,987.0
AL051997,DANNY,1997,1997-07-19,HU,70,984.0
AL051997,DANNY,1997,1997-07-19,HU,70,984.0
AL051997,DANNY,1997,1997-07-19,HU,65,986.0
AL071997,ERIKA,1997,1997-09-04,HU,65,999.0
AL071997,ERIKA,1997,1997-09-05,HU,65,998.0
AL071997,ERIKA,1997,1997-09-05,HU,65,997.0
AL071997,ERIKA,1997,1997-09-05,HU,65,996.0
AL071997,ERIKA,1997,1997-09-05,HU,65,990.0
AL071997,ERIKA,1997,1997-09-06,HU,65,988.0
AL071997,ERIKA,1997,1997-09-06,HU,70,986.0
AL071997,ERIKA,1997,1997-09-06,HU,70,982.0
AL071997,ERIKA,1997,1997-09-06,HU,75,980.0
AL071997,ERIKA,1997,1997-09-07,HU,75,979.0
AL071997,ERIKA,1997,1997-09-07,HU,75,978.0
AL071997,ERIKA,1997,1997-09-07,HU,75,975.0
AL071997,ERIKA,1997,1997-09-07,HU,90,970.0
AL071997,ERIKA,1997,1997-09-08,HU,95,966.0
AL071997,ERIKA,1997,1997-09-08,HU,100,961.0
AL071997,ERIKA,1997,1997-09-08,HU,105,957.0
AL071997,ERIKA,1997,1997-09-08,HU,110,952.0
AL071997,ERIKA,1997,1997-09-09,HU,110,948.0
AL071997,ERIKA,1997,1997-09-09,HU,110,946.0
AL071997,ERIKA,1997,1997-09-09,HU,110,947.0
AL071997,ERIKA,1997,1997-09-09,HU,110,951.0
AL071997,ERIKA,1997,1997-09-10,HU,105,955.0
AL071997,ERIKA,1997,1997-09-10,HU,100,960.0
AL071997,ERIKA,1997,1997-09-10,HU,95,965.0
AL071997,ERIKA,1997,1997-09-10,HU,90,970.0
AL071997,ERIKA,1997,1997-09-11,HU,80,973.0
AL071997,ERIKA,1997,1997-09-11,HU,75,977.0
AL071997,ERIKA,1997,1997-09-11,HU,70,984.0
AL071997,ERIKA,1997,1997-09-11,HU,65,988.0
AL021998,BONNIE,1998,1998-08-22,HU,65,991.0
AL021998,BONNIE,1998,1998-08-22,HU,70,989.0
AL021998,BONNIE,1998,1998-08-22,HU,75,980.0
AL021998,BONNIE,1998,1998-08-22,HU,85,970.0
AL021998,BONNIE,1998,1998-08-23,HU,90,962.0
AL021998,BONNIE,1998,1998-08-23,HU,95,960.0
AL021998,BONNIE,1998,1998-08-23,HU,100,958.0
AL021998,BONNIE,1998,1998-08-23,HU,100,955.0
AL021998,BONNIE,1998,1998-08-24,HU,100,954.0
AL021998,BONNIE,1998,1998-08-24,HU,100,960.0
AL021998,BONNIE,1998,1998-08-24,HU,100,962.0
AL021998,BONNIE,1998,1998-08-24,HU,100,962.0
AL021998,BONNIE,1998,1998-08-25,HU,100,963.0
AL021998,BONNIE,1998,1998-08-25,HU,100,962.0
AL021998,BONNIE,1998,1998-08-25,HU,100,963.0
AL021998,BONNIE,1998,1998-08-25,HU,100,963.0
AL021998,BONNIE,1998,1998-08-26,HU,100,958.0
AL021998,BONNIE,1998,1998-08-26,HU,100,964.0
AL021998,BONNIE,1998,1998-08-26,HU,100,965.0
AL021998,BONNIE,1998,1998-08-26,HU,100,962.0
AL021998,BONNIE,1998,1998-08-27,HU,95,963.0
AL021998,BONNIE,1998,1998-08-27,HU,95,964.0
AL021998,BONNIE,1998,1998-08-27,HU,85,965.0
AL021998,BONNIE,1998,1998-08-27,HU,75,974.0
AL021998,BONNIE,1998,1998-08-28,HU,65,983.0
AL021998,BONNIE,1998,1998-08-28,HU,75,985.0
AL021998,BONNIE,1998,1998-08-28,HU,65,990.0
AL041998,DANIELLE,1998,1998-08-25,HU,65,990.0
AL041998,DANIELLE,1998,1998-08-25,HU,75,982.0
AL041998,DANIELLE,1998,1998-08-26,HU,80,980.0
AL041998,DANIELLE,1998,1998-08-26,HU,90,975.0
AL041998,DANIELLE,1998,1998-08-26,HU,85,980.0
AL041998,DANIELLE,1998,1998-08-26,HU,80,985.0
AL041998,DANIELLE,1998,1998-08-27,HU,80,993.0
AL041998,DANIELLE,1998,1998-08-27,HU,85,994.0
AL041998,DANIELLE,1998,1998-08-27,HU,90,994.0
AL041998,DANIELLE,1998,1998-08-27,HU,85,994.0
AL041998,DANIELLE,1998,1998-08-28,HU,80,992.0
AL041998,DANIELLE,1998,1998-08-28,HU,80,992.0
AL041998,DANIELLE,1998,1998-08-28,HU,80,989.0
AL041998,DANIELLE,1998,1998-08-28,HU,80,986.0
AL041998,DANIELLE,1998,1998-08-29,HU,75,989.0
AL041998,DANIELLE,1998,1998-08-29,HU,70,990.0
AL041998,DANIELLE,1998,1998-08-29,HU,70,988.0
AL041998,DANIELLE,1998,1998-08-29,HU,70,987.0
AL041998,DANIELLE,1998,1998-08-30,HU,65,987.0
AL041998,DANIELLE,1998,1998-08-30,HU,65,988.0
AL041998,DANIELLE,1998,1998-08-30,HU,65,990.0
AL041998,DANIELLE,1998,1998-08-30,HU,65,987.0
AL041998,DANIELLE,1998,1998-08-31,HU,70,983.0
AL041998,DANIELLE,1998,1998-08-31,HU,75,980.0
AL041998,DANIELLE,1998,1998-08-31,HU,90,977.0
AL041998,DANIELLE,1998,1998-08-31,HU,85,975.0
AL041998,DANIELLE,1998,1998-09-01,HU,85,973.0
AL041998,DANIELLE,1998,1998-09-01,HU,85,972.0
AL041998,DANIELLE,1998,1998-09-01,HU,85,968.0
AL041998,DANIELLE,1998,1998-09-01,HU,90,965.0
AL041998,DANIELLE,1998,1998-09-02,HU,80,967.0
AL041998,DANIELLE,1998,1998-09-02,HU,75,970.0
AL041998,DANIELLE,1998,1998-09-02,HU,70,975.0
AL041998,DANIELLE,1998,1998-09-02,HU,70,975.0
AL041998,DANIELLE,1998,1998-09-03,HU,70,970.0
AL041998,DANIELLE,1998,1998-09-03,HU,70,960.0
AL041998,DANIELLE,1998,1998-09-03,HU,70,965.0
AL041998,DANIELLE,1998,1998-09-03,HU,65,965.0
AL051998,EARL,1998,1998-09-02,HU,70,994.0
AL051998,EARL,1998,1998-09-02,HU,85,988.0
AL051998,EARL,1998,1998-09-03,HU,80,985.0
AL051998,EARL,1998,1998-09-03,HU,70,987.0
AL071998,GEORGES,1998,1998-09-17,HU,65,987.0
AL071998,GEORGES,1998,1998-09-18,HU,70,984.0
AL071998,GEORGES,1998,1998-09-18,HU,80,977.0
AL071998,GEORGES,1998,1998-09-18,HU,85,973.0
AL071998,GEORGES,1998,1998-09-18,HU,90,970.0
AL071998,GEORGES,1998,1998-09-19,HU,90,970.0
AL071998,GEORGES,1998,1998-09-19,HU,95,965.0
AL071998,GEORGES,1998,1998-09-19,HU,110,954.0
AL071998,GEORGES,1998,1998-09-19,HU,125,949.0
AL071998,GEORGES,1998,1998-09-20,HU,130,939.0
AL071998,GEORGES,1998,1998-09-20,HU,135,937.0
AL071998,GEORGES,1998,1998-09-20,HU,130,939.0
AL071998,GEORGES,1998,1998-09-20,HU,115,956.0
AL071998,GEORGES,1998,1998-09-21,HU,100,963.0
AL071998,GEORGES,1998,1998-09-21,HU,100,966.0
AL071998,GEORGES,1998,1998-09-21,HU,100,966.0
AL071998,GEORGES,1998,1998-09-21,HU,100,966.0
AL071998,GEORGES,1998,1998-09-21,HU,95,966.0
AL071998,GEORGES,1998,1998-09-21,HU,90,970.0
AL071998,GEORGES,1998,1998-09-21,HU,100,968.0
AL071998,GEORGES,1998,1998-09-22,HU,90,970.0
AL071998,GEORGES,1998,1998-09-22,HU,95,972.0
AL071998,GEORGES,1998,1998-09-22,HU,105,964.0
AL071998,GEORGES,1998,1998-09-22,HU,105,962.0
AL071998,GEORGES,1998,1998-09-22,HU,95,970.0
AL071998,GEORGES,1998,1998-09-23,HU,70,980.0
AL071998,GEORGES,1998,1998-09-23,HU,65,990.0
AL071998,GEORGES,1998,1998-09-23,HU,65,996.0
AL071998,GEORGES,1998,1998-09-23,HU,65,994.0
AL071998,GEORGES,1998,1998-09-23,HU,65,993.0
AL071998,GEORGES,1998,1998-09-24,HU,65,992.0
AL071998,GEORGES,1998,1998-09-24,HU,65,991.0
AL071998,GEORGES,1998,1998-09-24,HU,70,990.0
AL071998,GEORGES,1998,1998-09-24,HU,75,989.0
AL071998,GEORGES,1998,1998-09-25,HU,80,987.0
AL071998,GEORGES,1998,1998-09-25,HU,85,986.0
AL071998,GEORGES,1998,1998-09-25,HU,90,982.0
AL071998,GEORGES,1998,1998-09-25,HU,90,981.0
AL071998,GEORGES,1998,1998-09-25,HU,90,975.0
AL071998,GEORGES,1998,1998-09-26,HU,90,974.0
AL071998,GEORGES,1998,1998-09-26,HU,90,975.0
AL071998,GEORGES,1998,1998-09-26,HU,90,974.0
AL071998,GEORGES,1998,1998-09-26,HU,90,975.0
AL071998,GEORGES,1998,1998-09-27,HU,95,969.0
AL071998,GEORGES,1998,1998-09-27,HU,95,970.0
AL071998,GEORGES,1998,1998-09-27,HU,95,962.0
AL071998,GEORGES,1998,1998-09-27,HU,95,962.0
AL071998,GEORGES,1998,1998-09-28,HU,95,961.0
AL071998,GEORGES,1998,1998-09-28,HU,90,964.0
AL071998,GEORGES,1998,1998-09-28,HU,90,964.0
AL071998,GEORGES,1998,1998-09-28,HU,90,965.0
AL071998,GEORGES,1998,1998-09-28,HU,65,984.0
AL091998,IVAN,1998,1998-09-23,HU,65,987.0
AL091998,IVAN,1998,1998-09-24,HU,65,986.0
AL091998,IVAN,1998,1998-09-24,HU,70,985.0
AL091998,IVAN,1998,1998-09-24,HU,70,985.0
AL091998,IVAN,1998,1998-09-24,HU,70,985.0
AL091998,IVAN,1998,1998-09-25,HU,70,984.0
AL091998,IVAN,1998,1998-09-25,HU,70,984.0
AL091998,IVAN,1998,1998-09-25,HU,70,984.0
AL091998,IVAN,1998,1998-09-25,HU,75,983.0
AL091998,IVAN,1998,1998-09-26,HU,75,980.0
AL091998,IVAN,1998,1998-09-26,HU,80,975.0
AL091998,IVAN,1998,1998-09-26,HU,75,977.0
AL091998,IVAN,1998,1998-09-26,HU,75,982.0
AL101998,JEANNE,1998,1998-09-22,HU,65,987.0
AL101998,JEANNE,1998,1998-09-23,HU,70,983.0
AL101998,JEANNE,1998,1998-09-23,HU,75,980.0
AL101998,JEANNE,1998,1998-09-23,HU,80,975.0
AL101998,JEANNE,1998,1998-09-23,HU,85,973.0
AL101998,JEANNE,1998,1998-09-24,HU,85,972.0
AL101998,JEANNE,1998,1998-09-24,HU,90,971.0
AL101998,JEANNE,1998,1998-09-24,HU,90,970.0
AL101998,JEANNE,1998,1998-09-24,HU,90,969.0
AL101998,JEANNE,1998,1998-09-25,HU,90,971.0
AL101998,JEANNE,1998,1998-09-25,HU,90,973.0
AL101998,JEANNE,1998,1998-09-25,HU,85,975.0
AL101998,JEANNE,1998,1998-09-25,HU,80,977.0
AL101998,JEANNE,1998,1998-09-26,HU,75,979.0
AL101998,JEANNE,1998,1998-09-26,HU,70,983.0
AL101998,JEANNE,1998,1998-09-26,HU,70,983.0
AL101998,JEANNE,1998,1998-09-26,HU,75,980.0
AL101998,JEANNE,1998,1998-09-27,HU,75,980.0
AL101998,JEANNE,1998,1998-09-27,HU,70,983.0
AL101998,JEANNE,1998,1998-09-27,HU,70,983.0
AL101998,JEANNE,1998,1998-09-27,HU,70,983.0
AL101998,JEANNE,1998,1998-09-28,HU,70,983.0
AL101998,JEANNE,1998,1998-09-28,HU,70,983.0
AL101998,JEANNE,1998,1998-09-28,HU,75,980.0
AL101998,JEANNE,1998,1998-09-28,HU,80,977.0
AL101998,JEANNE,1998,1998-09-29,HU,80,977.0
AL101998,JEANNE,1998,1998-09-29,HU,75,980.0
AL101998,JEANNE,1998,1998-09-29,HU,65,985.0
AL111998,KARL,1998,1998-09-25,HU,65,987.0
AL111998,KARL,1998,1998-09-25,HU,70,984.0
AL111998,KARL,1998,1998-09-26,HU,75,981.0
AL111998,KARL,1998,1998-09-26,HU,75,979.0
AL111998,KARL,1998,1998-09-26,HU,75,977.0
AL111998,KARL,1998,1998-09-26,HU,80,973.0
AL111998,KARL,1998,1998-09-27,HU,90,970.0
AL111998,KARL,1998,1998-09-27,HU,90,970.0
AL111998,KARL,1998,1998-09-27,HU,80,973.0
AL111998,KARL,1998,1998-09-27,HU,70,983.0
AL121998,LISA,1998,1998-10-09,HU,65,995.0
AL121998,LISA,1998,1998-10-09,HU,65,997.0
AL131998,MITCH,1998,1998-10-24,HU,65,990.0
AL131998,MITCH,1998,1998-10-24,HU,75,985.0
AL131998,MITCH,1998,1998-10-24,HU,90,980.0
AL131998,MITCH,1998,1998-10-25,HU,100,965.0
AL131998,MITCH,1998,1998-10-25,HU,105,951.0
AL131998,MITCH,1998,1998-10-25,HU,115,945.0
AL131998,MITCH,1998,1998-10-25,HU,125,926.0
AL131998,MITCH,1998,1998-10-26,HU,130,923.0
AL131998,MITCH,1998,1998-10-26,HU,135,922.0
AL131998,MITCH,1998,1998-10-26,HU,145,914.0
AL131998,MITCH,1998,1998-10-26,HU,155,905.0
AL131998,MITCH,1998,1998-10-27,HU,155,910.0
AL131998,MITCH,1998,1998-10-27,HU,150,917.0
AL131998,MITCH,1998,1998-10-27,HU,150,922.0
AL131998,MITCH,1998,1998-10-27,HU,145,928.0
AL131998,MITCH,1998,1998-10-28,HU,140,933.0
AL131998,MITCH,1998,1998-10-28,HU,130,938.0
AL131998,MITCH,1998,1998-10-28,HU,115,948.0
AL131998,MITCH,1998,1998-10-28,HU,95,959.0
AL131998,MITCH,1998,1998-10-29,HU,85,970.0
AL131998,MITCH,1998,1998-10-29,HU,75,979.0
AL131998,MITCH,1998,1998-10-29,HU,70,987.0
AL141998,NICOLE,1998,1998-11-30,HU,65,992.0
AL141998,NICOLE,1998,1998-11-30,HU,65,992.0
AL141998,NICOLE,1998,1998-11-30,HU,65,987.0
AL141998,NICOLE,1998,1998-11-30,HU,70,984.0
AL141998,NICOLE,1998,1998-12-01,HU,75,979.0
AL141998,NICOLE,1998,1998-12-01,HU,70,980.0
AL031999,BRET,1999,1999-08-21,HU,65,983.0
AL031999,BRET,1999,1999-08-21,HU,75,980.0
AL031999,BRET,1999,1999-08-21,HU,80,979.0
AL031999,BRET,1999,1999-08-21,HU,90,975.0
AL031999,BRET,1999,1999-08-22,HU,120,954.0
AL031999,BRET,1999,1999-08-22,HU,125,950.0
AL031999,BRET,1999,1999-08-22,HU,125,944.0
AL031999,BRET,1999,1999-08-22,HU,120,946.0
AL031999,BRET,1999,1999-08-23,HU,100,951.0
AL031999,BRET,1999,1999-08-23,HU,80,963.0
AL041999,CINDY,1999,1999-08-22,HU,65,987.0
AL041999,CINDY,1999,1999-08-22,HU,65,987.0
AL041999,CINDY,1999,1999-08-22,HU,65,987.0
AL041999,CINDY,1999,1999-08-26,HU,65,987.0
AL041999,CINDY,1999,1999-08-26,HU,65,987.0
AL041999,CINDY,1999,1999-08-26,HU,65,987.0
AL041999,CINDY,1999,1999-08-26,HU,70,984.0
AL041999,CINDY,1999,1999-08-27,HU,80,978.0
AL041999,CINDY,1999,1999-08-27,HU,80,978.0
AL041999,CINDY,1999,1999-08-27,HU,90,970.0
AL041999,CINDY,1999,1999-08-27,HU,90,970.0
AL041999,CINDY,1999,1999-08-28,HU,100,961.0
AL041999,CINDY,1999,1999-08-28,HU,115,948.0
AL041999,CINDY,1999,1999-08-28,HU,120,942.0
AL041999,CINDY,1999,1999-08-28,HU,120,943.0
AL041999,CINDY,1999,1999-08-29,HU,120,944.0
AL041999,CINDY,1999,1999-08-29,HU,115,948.0
AL041999,CINDY,1999,1999-08-29,HU,100,961.0
AL041999,CINDY,1999,1999-08-29,HU,95,965.0
AL041999,CINDY,1999,1999-08-30,HU,90,970.0
AL041999,CINDY,1999,1999-08-30,HU,90,970.0
AL041999,CINDY,1999,1999-08-30,HU,80,978.0
AL041999,CINDY,1999,1999-08-30,HU,80,978.0
AL041999,CINDY,1999,1999-08-31,HU,70,984.0
AL051999,DENNIS,1999,1999-08-26,HU,65,995.0
AL051999,DENNIS,1999,1999-08-26,HU,65,995.0
AL051999,DENNIS,1999,1999-08-26,HU,70,990.0
AL051999,DENNIS,1999,1999-08-27,HU,65,993.0
AL051999,DENNIS,1999,1999-08-27,HU,65,988.0
AL051999,DENNIS,1999,1999-08-27,HU,65,988.0
AL051999,DENNIS,1999,1999-08-27,HU,65,987.0
AL051999,DENNIS,1999,1999-08-28,HU,70,982.0
AL051999,DENNIS,1999,1999-08-28,HU,75,976.0
AL051999,DENNIS,1999,1999-08-28,HU,75,976.0
AL051999,DENNIS,1999,1999-08-28,HU,85,973.0
AL051999,DENNIS,1999,1999-08-28,HU,90,969.0
AL051999,DENNIS,1999,1999-08-29,HU,90,969.0
AL051999,DENNIS,1999,1999-08-29,HU,90,970.0
AL051999,DENNIS,1999,1999-08-29,HU,90,971.0
AL051999,DENNIS,1999,1999-08-29,HU,90,967.0
AL051999,DENNIS,1999,1999-08-30,HU,90,964.0
AL051999,DENNIS,1999,1999-08-30,HU,90,962.0
AL051999,DENNIS,1999,1999-08-30,HU,85,965.0
AL051999,DENNIS,1999,1999-08-30,HU,85,966.0
AL051999,DENNIS,1999,1999-08-31,HU,80,971.0
AL051999,DENNIS,1999,1999-08-31,HU,80,977.0
AL051999,DENNIS,1999,1999-08-31,HU,75,983.0
AL051999,DENNIS,1999,1999-08-31,HU,70,984.0
AL081999,FLOYD,1999,1999-09-10,HU,70,989.0
AL081999,FLOYD,1999,1999-09-10,HU,70,975.0
AL081999,FLOYD,1999,1999-09-11,HU,80,971.0
AL081999,FLOYD,1999,1999-09-11,HU,95,963.0
AL081999,FLOYD,1999,1999-09-11,HU,95,962.0
AL081999,FLOYD,1999,1999-09-11,HU,90,966.0
AL081999,FLOYD,1999,1999-09-12,HU,85,967.0
AL081999,FLOYD,1999,1999-09-12,HU,95,960.0
AL081999,FLOYD,1999,1999-09-12,HU,105,955.0
AL081999,FLOYD,1999,1999-09-12,HU,115,940.0
AL081999,FLOYD,1999,1999-09-13,HU,125,931.0
AL081999,FLOYD,1999,1999-09-13,HU,135,922.0
AL081999,FLOYD,1999,1999-09-13,HU,135,921.0
AL081999,FLOYD,1999,1999-09-13,HU,125,923.0
AL081999,FLOYD,1999,1999-09-14,HU,115,924.0
AL081999,FLOYD,1999,1999-09-14,HU,105,927.0
AL081999,FLOYD,1999,1999-09-14,HU,105,930.0
AL081999,FLOYD,1999,1999-09-14,HU,110,930.0
AL081999,FLOYD,1999,1999-09-14,HU,110,932.0
AL081999,FLOYD,1999,1999-09-15,HU,115,933.0
AL081999,FLOYD,1999,1999-09-15,HU,110,935.0
AL081999,FLOYD,1999,1999-09-15,HU,100,943.0
AL081999,FLOYD,1999,1999-09-15,HU,95,947.0
AL081999,FLOYD,1999,1999-09-16,HU,90,950.0
AL081999,FLOYD,1999,1999-09-16,HU,90,956.0
AL081999,FLOYD,1999,1999-09-16,HU,90,956.0
AL081999,FLOYD,1999,1999-09-16,HU,70,967.0
AL091999,GERT,1999,1999-09-13,HU,65,984.0
AL091999,GERT,1999,1999-09-13,HU,70,979.0
AL091999,GERT,1999,1999-09-14,HU,75,976.0
AL091999,GERT,1999,1999-09-14,HU,85,973.0
AL091999,GERT,1999,1999-09-14,HU,90,968.0
AL091999,GERT,1999,1999-09-14,HU,95,962.0
AL091999,GERT,1999,1999-09-15,HU,100,955.0
AL091999,GERT,1999,1999-09-15,HU,110,948.0
AL091999,GERT,1999,1999-09-15,HU,115,940.0
AL091999,GERT,1999,1999-09-15,HU,125,933.0
AL091999,GERT,1999,1999-09-16,HU,130,930.0
AL091999,GERT,1999,1999-09-16,HU,130,933.0
AL091999,GERT,1999,1999-09-16,HU,125,941.0
AL091999,GERT,1999,1999-09-16,HU,120,940.0
AL091999,GERT,1999,1999-09-17,HU,115,944.0
AL091999,GERT,1999,1999-09-17,HU,125,942.0
AL091999,GERT,1999,1999-09-17,HU,125,945.0
AL091999,GERT,1999,1999-09-17,HU,115,950.0
AL091999,GERT,1999,1999-09-18,HU,110,953.0
AL091999,GERT,1999,1999-09-18,HU,105,954.0
AL091999,GERT,1999,1999-09-18,HU,105,953.0
AL091999,GERT,1999,1999-09-18,HU,105,950.0
AL091999,GERT,1999,1999-09-19,HU,110,947.0
AL091999,GERT,1999,1999-09-19,HU,115,946.0
AL091999,GERT,1999,1999-09-19,HU,115,946.0
AL091999,GERT,1999,1999-09-19,HU,115,946.0
AL091999,GERT,1999,1999-09-20,HU,115,947.0
AL091999,GERT,1999,1999-09-20,HU,110,947.0
AL091999,GERT,1999,1999-09-20,HU,105,948.0
AL091999,GERT,1999,1999-09-20,HU,100,949.0
AL091999,GERT,1999,1999-09-21,HU,95,950.0
AL091999,GERT,1999,1999-09-21,HU,90,952.0
AL091999,GERT,1999,1999-09-21,HU,85,955.0
AL091999,GERT,1999,1999-09-21,HU,80,958.0
AL091999,GERT,1999,1999-09-22,HU,75,960.0
AL091999,GERT,1999,1999-09-22,HU,75,961.0
AL091999,GERT,1999,1999-09-22,HU,70,962.0
AL091999,GERT,1999,1999-09-22,HU,65,963.0
AL131999,IRENE,1999,1999-10-15,HU,65,988.0
AL131999,IRENE,1999,1999-10-15,HU,65,987.0
AL131999,IRENE,1999,1999-10-15,HU,65,987.0
AL131999,IRENE,1999,1999-10-15,HU,65,986.0
AL131999,IRENE,1999,1999-10-15,HU,70,987.0
AL131999,IRENE,1999,1999-10-16,HU,65,986.0
AL131999,IRENE,1999,1999-10-16,HU,65,985.0
AL131999,IRENE,1999,1999-10-16,HU,65,982.0
AL131999,IRENE,1999,1999-10-16,HU,65,984.0
AL131999,IRENE,1999,1999-10-17,HU,65,984.0
AL131999,IRENE,1999,1999-10-17,HU,65,985.0
AL131999,IRENE,1999,1999-10-17,HU,65,984.0
AL131999,IRENE,1999,1999-10-17,HU,70,978.0
AL131999,IRENE,1999,1999-10-18,HU,80,976.0
AL131999,IRENE,1999,1999-10-18,HU,95,964.0
AL131999,IRENE,1999,1999-10-18,HU,95,958.0
AL131999,IRENE,1999,1999-10-18,HU,90,960.0
AL131999,IRENE,1999,1999-10-18,HU,80,968.0
AL131999,IRENE,1999,1999-10-19,HU,80,968.0
AL141999,JOSE,1999,1999-10-19,HU,65,992.0
AL141999,JOSE,1999,1999-10-20,HU,70,987.0
AL141999,JOSE,1999,1999-10-20,HU,80,979.0
AL141999,JOSE,1999,1999-10-20,HU,85,980.0
AL141999,JOSE,1999,1999-10-20,HU,80,982.0
AL141999,JOSE,1999,1999-10-20,HU,80,983.0
AL141999,JOSE,1999,1999-10-21,HU,75,990.0
AL141999,JOSE,1999,1999-10-21,HU,65,992.0
AL141999,JOSE,1999,1999-10-24,HU,65,987.0
AL141999,JOSE,1999,1999-10-24,HU,65,987.0
AL161999,LENNY,1999,1999-11-15,HU,70,988.0
AL161999,LENNY,1999,1999-11-15,HU,75,977.0
AL161999,LENNY,1999,1999-11-15,HU,85,971.0
AL161999,LENNY,1999,1999-11-15,HU,75,983.0
AL161999,LENNY,1999,1999-11-16,HU,75,982.0
AL161999,LENNY,1999,1999-11-16,HU,75,974.0
AL161999,LENNY,1999,1999-11-16,HU,85,971.0
AL161999,LENNY,1999,1999-11-16,HU,85,967.0
AL161999,LENNY,1999,1999-11-17,HU,100,959.0
AL161999,LENNY,1999,1999-11-17,HU,105,952.0
AL161999,LENNY,1999,1999-11-17,HU,115,946.0
AL161999,LENNY,1999,1999-11-17,HU,135,933.0
AL161999,LENNY,1999,1999-11-18,HU,130,940.0
AL161999,LENNY,1999,1999-11-18,HU,125,944.0
AL161999,LENNY,1999,1999-11-18,HU,120,953.0
AL161999,LENNY,1999,1999-11-18,HU,110,966.0
AL161999,LENNY,1999,1999-11-19,HU,85,975.0
AL161999,LENNY,1999,1999-11-19,HU,75,979.0
AL161999,LENNY,1999,1999-11-19,HU,70,986.0
AL032000,ALBERTO,2000,2000-08-06,HU,65,987.0
AL032000,ALBERTO,2000,2000-08-06,HU,65,985.0
AL032000,ALBERTO,2000,2000-08-06,HU,70,983.0
AL032000,ALBERTO,2000,2000-08-06,HU,75,981.0
AL032000,ALBERTO,2000,2000-08-07,HU,75,979.0
AL032000,ALBERTO,2000,2000-08-07,HU,80,978.0
AL032000,ALBERTO,2000,2000-08-07,HU,80,977.0
AL032000,ALBERTO,2000,2000-08-07,HU,80,978.0
AL032000,ALBERTO,2000,2000-08-08,HU,75,979.0
AL032000,ALBERTO,2000,2000-08-08,HU,70,982.0
AL032000,ALBERTO,2000,2000-08-08,HU,70,985.0
AL032000,ALBERTO,2000,2000-08-08,HU,65,987.0
AL032000,ALBERTO,2000,2000-08-10,HU,65,988.0
AL032000,ALBERTO,2000,2000-08-10,HU,65,987.0
AL032000,ALBERTO,2000,2000-08-10,HU,65,986.0
AL032000,ALBERTO,2000,2000-08-10,HU,65,984.0
AL032000,ALBERTO,2000,2000-08-11,HU,70,982.0
AL032000,ALBERTO,2000,2000-08-11,HU,75,979.0
AL032000,ALBERTO,2000,2000-08-11,HU,80,976.0
AL032000,ALBERTO,2000,2000-08-11,HU,85,973.0
AL032000,ALBERTO,2000,2000-08-12,HU,90,970.0
AL032000,ALBERTO,2000,2000-08-12,HU,100,960.0
AL032000,ALBERTO,2000,2000-08-12,HU,110,950.0
AL032000,ALBERTO,2000,2000-08-12,HU,110,954.0
AL032000,ALBERTO,2000,2000-08-13,HU,105,958.0
AL032000,ALBERTO,2000,2000-08-13,HU,95,966.0
AL032000,ALBERTO,2000,2000-08-13,HU,85,973.0
AL032000,ALBERTO,2000,2000-08-13,HU,75,980.0
AL032000,ALBERTO,2000,2000-08-14,HU,65,987.0
AL032000,ALBERTO,2000,2000-08-18,HU,65,987.0
AL032000,ALBERTO,2000,2000-08-19,HU,75,979.0
AL032000,ALBERTO,2000,2000-08-19,HU,80,976.0
AL032000,ALBERTO,2000,2000-08-19,HU,85,973.0
AL032000,ALBERTO,2000,2000-08-19,HU,90,970.0
AL032000,ALBERTO,2000,2000-08-20,HU,90,970.0
AL032000,ALBERTO,2000,2000-08-20,HU,90,971.0
AL032000,ALBERTO,2000,2000-08-20,HU,85,972.0
AL032000,ALBERTO,2000,2000-08-20,HU,85,973.0
AL032000,ALBERTO,2000,2000-08-21,HU,85,974.0
AL032000,ALBERTO,2000,2000-08-21,HU,80,976.0
AL032000,ALBERTO,2000,2000-08-21,HU,80,977.0
AL032000,ALBERTO,2000,2000-08-21,HU,80,978.0
AL032000,ALBERTO,2000,2000-08-22,HU,75,979.0
AL032000,ALBERTO,2000,2000-08-22,HU,75,981.0
AL032000,ALBERTO,2000,2000-08-22,HU,70,983.0
AL032000,ALBERTO,2000,2000-08-22,HU,65,985.0
AL032000,ALBERTO,2000,2000-08-23,HU,65,987.0
AL072000,DEBBY,2000,2000-08-21,HU,65,1005.0
AL072000,DEBBY,2000,2000-08-21,HU,75,1004.0
AL072000,DEBBY,2000,2000-08-21,HU,75,1004.0
AL072000,DEBBY,2000,2000-08-22,HU,70,995.0
AL072000,DEBBY,2000,2000-08-22,HU,70,991.0
AL072000,DEBBY,2000,2000-08-22,HU,65,993.0
AL072000,DEBBY,2000,2000-08-22,HU,65,993.0
AL072000,DEBBY,2000,2000-08-22,HU,65,994.0
AL072000,DEBBY,2000,2000-08-22,HU,65,994.0
AL072000,DEBBY,2000,2000-08-22,HU,65,995.0
AL072000,DEBBY,2000,2000-08-23,HU,65,995.0
AL072000,DEBBY,2000,2000-08-23,HU,65,995.0
AL102000,FLORENCE,2000,2000-09-11,HU,65,998.0
AL102000,FLORENCE,2000,2000-09-12,HU,65,992.0
AL102000,FLORENCE,2000,2000-09-12,HU,65,987.0
AL102000,FLORENCE,2000,2000-09-13,HU,65,986.0
AL102000,FLORENCE,2000,2000-09-13,HU,65,986.0
AL102000,FLORENCE,2000,2000-09-16,HU,65,994.0
AL102000,FLORENCE,2000,2000-09-16,HU,65,988.0
AL102000,FLORENCE,2000,2000-09-16,HU,65,987.0
AL102000,FLORENCE,2000,2000-09-16,HU,70,985.0
AL112000,GORDON,2000,2000-09-17,HU,65,985.0
AL112000,GORDON,2000,2000-09-17,HU,70,981.0
AL112000,GORDON,2000,2000-09-17,HU,65,987.0
AL112000,GORDON,2000,2000-09-17,HU,65,985.0
AL132000,ISAAC,2000,2000-09-23,HU,70,984.0
AL132000,ISAAC,2000,2000-09-23,HU,85,973.0
AL132000,ISAAC,2000,2000-09-24,HU,105,960.0
AL132000,ISAAC,2000,2000-09-24,HU,100,960.0
AL132000,ISAAC,2000,2000-09-24,HU,100,960.0
AL132000,ISAAC,2000,2000-09-24,HU,100,960.0
AL132000,ISAAC,2000,2000-09-25,HU,95,965.0
AL132000,ISAAC,2000,2000-09-25,HU,95,965.0
AL132000,ISAAC,2000,2000-09-25,HU,90,970.0
AL132000,ISAAC,2000,2000-09-25,HU,90,970.0
AL132000,ISAAC,2000,2000-09-26,HU,90,970.0
AL132000,ISAAC,2000,2000-09-26,HU,85,973.0
AL132000,ISAAC,2000,2000-09-26,HU,75,980.0
AL132000,ISAAC,2000,2000-09-26,HU,75,980.0
AL132000,ISAAC,2000,2000-09-27,HU,80,977.0
AL132000,ISAAC,2000,2000-09-27,HU,85,973.0
AL132000,ISAAC,2000,2000-09-27,HU,90,970.0
AL132000,ISAAC,2000,2000-09-27,HU,95,965.0
AL132000,ISAAC,2000,2000-09-28,HU,100,960.0
AL132000,ISAAC,2000,2000-09-28,HU,105,955.0
AL132000,ISAAC,2000,2000-09-28,HU,110,950.0
AL132000,ISAAC,2000,2000-09-28,HU,120,943.0
AL132000,ISAAC,2000,2000-09-29,HU,115,948.0
AL132000,ISAAC,2000,2000-09-29,HU,110,950.0
AL132000,ISAAC,2000,2000-09-29,HU,105,955.0
AL132000,ISAAC,2000,2000-09-29,HU,90,965.0
AL132000,ISAAC,2000,2000-09-30,HU,85,970.0
AL132000,ISAAC,2000,2000-09-30,HU,80,975.0
AL132000,ISAAC,2000,2000-09-30,HU,75,979.0
AL132000,ISAAC,2000,2000-09-30,HU,70,985.0
AL132000,ISAAC,2000,2000-10-01,HU,65,987.0
AL142000,JOYCE,2000,2000-09-27,HU,65,985.0
AL142000,JOYCE,2000,2000-09-27,HU,70,978.0
AL142000,JOYCE,2000,2000-09-28,HU,75,976.0
AL142000,JOYCE,2000,2000-09-28,HU,80,975.0
AL142000,JOYCE,2000,2000-09-28,HU,80,975.0
AL142000,JOYCE,2000,2000-09-28,HU,75,976.0
AL142000,JOYCE,2000,2000-09-29,HU,75,977.0
AL142000,JOYCE,2000,2000-09-29,HU,70,980.0
AL142000,JOYCE,2000,2000-09-29,HU,65,984.0
AL152000,KEITH,2000,2000-09-30,HU,65,982.0
AL152000,KEITH,2000,2000-09-30,HU,75,977.0
AL152000,KEITH,2000,2000-10-01,HU,100,955.0
AL152000,KEITH,2000,2000-10-01,HU,120,941.0
AL152000,KEITH,2000,2000-10-01,HU,120,939.0
AL152000,KEITH,2000,2000-10-01,HU,115,944.0
AL152000,KEITH,2000,2000-10-01,HU,110,950.0
AL152000,KEITH,2000,2000-10-02,HU,100,959.0
AL152000,KEITH,2000,2000-10-02,HU,80,974.0
AL152000,KEITH,2000,2000-10-02,HU,70,980.0
AL152000,KEITH,2000,2000-10-02,HU,65,987.0
AL152000,KEITH,2000,2000-10-02,HU,65,988.0
AL152000,KEITH,2000,2000-10-05,HU,65,987.0
AL152000,KEITH,2000,2000-10-05,HU,75,983.0
AL152000,KEITH,2000,2000-10-05,HU,80,980.0
AL172000,MICHAEL,2000,2000-10-17,HU,65,988.0
AL172000,MICHAEL,2000,2000-10-18,HU,65,988.0
AL172000,MICHAEL,2000,2000-10-18,HU,65,986.0
AL172000,MICHAEL,2000,2000-10-18,HU,65,984.0
AL172000,MICHAEL,2000,2000-10-18,HU,70,979.0
AL172000,MICHAEL,2000,2000-10-19,HU,75,983.0
AL172000,MICHAEL,2000,2000-10-19,HU,65,986.0
AL172000,MICHAEL,2000,2000-10-19,HU,75,979.0
AL172000,MICHAEL,2000,2000-10-19,HU,85,965.0
AL062001,ERIN,2001,2001-09-09,HU,75,987.0
AL062001,ERIN,2001,2001-09-09,HU,90,982.0
AL062001,ERIN,2001,2001-09-09,HU,95,979.0
AL062001,ERIN,2001,2001-09-09,HU,105,968.0
AL062001,ERIN,2001,2001-09-10,HU,105,969.0
AL062001,ERIN,2001,2001-09-10,HU,105,969.0
AL062001,ERIN,2001,2001-09-10,HU,100,969.0
AL062001,ERIN,2001,2001-09-10,HU,90,970.0
AL062001,ERIN,2001,2001-09-11,HU,80,973.0
AL062001,ERIN,2001,2001-09-11,HU,80,976.0
AL062001,ERIN,2001,2001-09-11,HU,80,976.0
AL062001,ERIN,2001,2001-09-11,HU,80,976.0
AL062001,ERIN,2001,2001-09-12,HU,80,976.0
AL062001,ERIN,2001,2001-09-12,HU,75,979.0
AL062001,ERIN,2001,2001-09-12,HU,75,979.0
AL062001,ERIN,2001,2001-09-12,HU,75,979.0
AL062001,ERIN,2001,2001-09-13,HU,75,979.0
AL062001,ERIN,2001,2001-09-13,HU,70,982.0
AL062001,ERIN,2001,2001-09-13,HU,70,982.0
AL062001,ERIN,2001,2001-09-13,HU,70,982.0
AL062001,ERIN,2001,2001-09-14,HU,70,982.0
AL062001,ERIN,2001,2001-09-14,HU,65,987.0
AL062001,ERIN,2001,2001-09-14,HU,65,987.0
AL062001,ERIN,2001,2001-09-14,HU,65,984.0
AL072001,FELIX,2001,2001-09-13,HU,65,987.0
AL072001,FELIX,2001,2001-09-13,HU,75,979.0
AL072001,FELIX,2001,2001-09-13,HU,85,972.0
AL072001,FELIX,2001,2001-09-13,HU,95,966.0
AL072001,FELIX,2001,2001-09-14,HU,100,962.0
AL072001,FELIX,2001,2001-09-14,HU,100,962.0
AL072001,FELIX,2001,2001-09-14,HU,95,966.0
AL072001,FELIX,2001,2001-09-14,HU,90,970.0
AL072001,FELIX,2001,2001-09-15,HU,90,970.0
AL072001,FELIX,2001,2001-09-15,HU,90,970.0
AL072001,FELIX,2001,2001-09-15,HU,90,970.0
AL072001,FELIX,2001,2001-09-15,HU,85,975.0
AL072001,FELIX,2001,2001-09-16,HU,85,975.0
AL072001,FELIX,2001,2001-09-16,HU,80,976.0
AL072001,FELIX,2001,2001-09-16,HU,75,977.0
AL072001,FELIX,2001,2001-09-16,HU,70,979.0
AL072001,FELIX,2001,2001-09-17,HU,70,981.0
AL072001,FELIX,2001,2001-09-17,HU,65,983.0
AL082001,GABRIELLE,2001,2001-09-17,HU,65,991.0
AL082001,GABRIELLE,2001,2001-09-17,HU,65,991.0
AL082001,GABRIELLE,2001,2001-09-17,HU,70,983.0
AL082001,GABRIELLE,2001,2001-09-17,HU,70,983.0
AL102001,HUMBERTO,2001,2001-09-23,HU,65,990.0
AL102001,HUMBERTO,2001,2001-09-23,HU,80,986.0
AL102001,HUMBERTO,2001,2001-09-24,HU,85,983.0
AL102001,HUMBERTO,2001,2001-09-24,HU,75,989.0
AL102001,HUMBERTO,2001,2001-09-24,HU,70,990.0
AL102001,HUMBERTO,2001,2001-09-24,HU,70,991.0
AL102001,HUMBERTO,2001,2001-09-25,HU,65,992.0
AL102001,HUMBERTO,2001,2001-09-25,HU,65,992.0
AL102001,HUMBERTO,2001,2001-09-25,HU,65,992.0
AL102001,HUMBERTO,2001,2001-09-25,HU,65,990.0
AL102001,HUMBERTO,2001,2001-09-26,HU,65,990.0
AL102001,HUMBERTO,2001,2001-09-26,HU,75,980.0
AL102001,HUMBERTO,2001,2001-09-26,HU,90,970.0
AL102001,HUMBERTO,2001,2001-09-26,HU,80,977.0
AL102001,HUMBERTO,2001,2001-09-27,HU,70,987.0
AL102001,HUMBERTO,2001,2001-09-27,HU,65,991.0
AL112001,IRIS,2001,2001-10-06,HU,65,992.0
AL112001,IRIS,2001,2001-10-07,HU,75,993.0
AL112001,IRIS,2001,2001-10-07,HU,75,989.0
AL112001,IRIS,2001,2001-10-07,HU,75,989.0
AL112001,IRIS,2001,2001-10-07,HU,75,991.0
AL112001,IRIS,2001,2001-10-08,HU,80,988.0
AL112001,IRIS,2001,2001-10-08,HU,90,963.0
AL112001,IRIS,2001,2001-10-08,HU,120,950.0
AL112001,IRIS,2001,2001-10-08,HU,115,950.0
AL112001,IRIS,2001,2001-10-09,HU,125,948.0
AL112001,IRIS,2001,2001-10-09,HU,125,948.0
AL132001,KAREN,2001,2001-10-13,HU,65,985.0
AL132001,KAREN,2001,2001-10-14,HU,65,985.0
AL132001,KAREN,2001,2001-10-14,HU,70,982.0
AL152001,MICHELLE,2001,2001-11-02,HU,70,979.0
AL152001,MICHELLE,2001,2001-11-02,HU,80,969.0
AL152001,MICHELLE,2001,2001-11-03,HU,90,957.0
AL152001,MICHELLE,2001,2001-11-03,HU,105,942.0
AL152001,MICHELLE,2001,2001-11-03,HU,115,937.0
AL152001,MICHELLE,2001,2001-11-03,HU,110,934.0
AL152001,MICHELLE,2001,2001-11-03,HU,110,933.0
AL152001,MICHELLE,2001,2001-11-04,HU,115,938.0
AL152001,MICHELLE,2001,2001-11-04,HU,120,944.0
AL152001,MICHELLE,2001,2001-11-04,HU,120,947.0
AL152001,MICHELLE,2001,2001-11-04,HU,120,949.0
AL152001,MICHELLE,2001,2001-11-04,HU,115,950.0
AL152001,MICHELLE,2001,2001-11-05,HU,105,953.0
AL152001,MICHELLE,2001,2001-11-05,HU,80,972.0
AL152001,MICHELLE,2001,2001-11-05,HU,80,974.0
AL152001,MICHELLE,2001,2001-11-05,HU,75,980.0
AL162001,NOEL,2001,2001-11-05,HU,65,986.0
AL162001,NOEL,2001,2001-11-05,HU,65,986.0
AL172001,OLGA,2001,2001-11-26,HU,65,979.0
AL172001,OLGA,2001,2001-11-26,HU,65,977.0
AL172001,OLGA,2001,2001-11-27,HU,75,975.0
AL172001,OLGA,2001,2001-11-27,HU,80,973.0
AL172001,OLGA,2001,2001-11-27,HU,80,974.0
AL172001,OLGA,2001,2001-11-27,HU,75,975.0
AL172001,OLGA,2001,2001-11-28,HU,75,975.0
AL172001,OLGA,2001,2001-11-28,HU,75,975.0
AL172001,OLGA,2001,2001-11-28,HU,75,977.0
AL172001,OLGA,2001,2001-11-28,HU,70,979.0
AL172001,OLGA,2001,2001-11-29,HU,65,987.0
AL082002,GUSTAV,2002,2002-09-11,HU,70,971.0
AL082002,GUSTAV,2002,2002-09-11,HU,85,964.0
AL082002,GUSTAV,2002,2002-09-12,HU,80,962.0
AL082002,GUSTAV,2002,2002-09-12,HU,80,960.0
AL082002,GUSTAV,2002,2002-09-12,HU,80,960.0
AL082002,GUSTAV,2002,2002-09-12,HU,75,960.0
AL082002,GUSTAV,2002,2002-09-12,HU,65,963.0
AL102002,ISIDORE,2002,2002-09-19,HU,65,983.0
AL102002,ISIDORE,2002,2002-09-20,HU,75,979.0
AL102002,ISIDORE,2002,2002-09-20,HU,90,967.0
AL102002,ISIDORE,2002,2002-09-20,HU,85,966.0
AL102002,ISIDORE,2002,2002-09-20,HU,75,965.0
AL102002,ISIDORE,2002,2002-09-20,HU,75,964.0
AL102002,ISIDORE,2002,2002-09-21,HU,75,964.0
AL102002,ISIDORE,2002,2002-09-21,HU,85,964.0
AL102002,ISIDORE,2002,2002-09-21,HU,100,955.0
AL102002,ISIDORE,2002,2002-09-21,HU,110,946.0
AL102002,ISIDORE,2002,2002-09-22,HU,110,947.0
AL102002,ISIDORE,2002,2002-09-22,HU,110,936.0
AL102002,ISIDORE,2002,2002-09-22,HU,110,934.0
AL102002,ISIDORE,2002,2002-09-22,HU,110,935.0
AL102002,ISIDORE,2002,2002-09-22,HU,110,936.0
AL102002,ISIDORE,2002,2002-09-23,HU,100,950.0
AL102002,ISIDORE,2002,2002-09-23,HU,70,952.0
AL122002,KYLE,2002,2002-09-25,HU,65,987.0
AL122002,KYLE,2002,2002-09-26,HU,65,987.0
AL122002,KYLE,2002,2002-09-26,HU,70,984.0
AL122002,KYLE,2002,2002-09-26,HU,75,982.0
AL122002,KYLE,2002,2002-09-26,HU,75,981.0
AL122002,KYLE,2002,2002-09-27,HU,75,980.0
AL122002,KYLE,2002,2002-09-27,HU,75,982.0
AL122002,KYLE,2002,2002-09-27,HU,75,982.0
AL122002,KYLE,2002,2002-09-27,HU,70,984.0
AL122002,KYLE,2002,2002-09-28,HU,70,984.0
AL122002,KYLE,2002,2002-09-28,HU,65,987.0
AL132002,LILI,2002,2002-09-30,HU,65,986.0
AL132002,LILI,2002,2002-09-30,HU,65,986.0
AL132002,LILI,2002,2002-09-30,HU,65,984.0
AL132002,LILI,2002,2002-10-01,HU,70,978.0
AL132002,LILI,2002,2002-10-01,HU,75,970.0
AL132002,LILI,2002,2002-10-01,HU,90,971.0
AL132002,LILI,2002,2002-10-01,HU,90,971.0
AL132002,LILI,2002,2002-10-01,HU,90,971.0
AL132002,LILI,2002,2002-10-01,HU,90,971.0
AL132002,LILI,2002,2002-10-02,HU,90,967.0
AL132002,LILI,2002,2002-10-02,HU,100,962.0
AL132002,LILI,2002,2002-10-02,HU,110,952.0
AL132002,LILI,2002,2002-10-02,HU,120,941.0
AL132002,LILI,2002,2002-10-02,HU,125,938.0
AL132002,LILI,2002,2002-10-03,HU,125,940.0
AL132002,LILI,2002,2002-10-03,HU,105,957.0
AL132002,LILI,2002,2002-10-03,HU,80,962.0
AL132002,LILI,2002,2002-10-03,HU,80,963.0
AL042003,CLAUDETTE,2003,2003-07-10,HU,70,988.0
AL042003,CLAUDETTE,2003,2003-07-15,HU,65,987.0
AL042003,CLAUDETTE,2003,2003-07-15,HU,75,982.0
AL042003,CLAUDETTE,2003,2003-07-15,HU,80,979.0
AL042003,CLAUDETTE,2003,2003-07-15,HU,70,984.0
AL052003,DANNY,2003,2003-07-18,HU,65,1002.0
AL052003,DANNY,2003,2003-07-19,HU,65,1001.0
AL052003,DANNY,2003,2003-07-19,HU,65,1000.0
AL052003,DANNY,2003,2003-07-19,HU,65,1001.0
AL082003,ERIKA,2003,2003-08-16,HU,65,986.0
AL082003,ERIKA,2003,2003-08-16,HU,65,988.0
AL102003,FABIAN,2003,2003-08-30,HU,65,987.0
AL102003,FABIAN,2003,2003-08-30,HU,70,984.0
AL102003,FABIAN,2003,2003-08-30,HU,85,973.0
AL102003,FABIAN,2003,2003-08-30,HU,100,960.0
AL102003,FABIAN,2003,2003-08-31,HU,110,952.0
AL102003,FABIAN,2003,2003-08-31,HU,110,952.0
AL102003,FABIAN,2003,2003-08-31,HU,110,952.0
AL102003,FABIAN,2003,2003-08-31,HU,115,948.0
AL102003,FABIAN,2003,2003-09-01,HU,120,945.0
AL102003,FABIAN,2003,2003-09-01,HU,120,949.0
AL102003,FABIAN,2003,2003-09-01,HU,120,949.0
AL102003,FABIAN,2003,2003-09-01,HU,125,944.0
AL102003,FABIAN,2003,2003-09-02,HU,125,943.0
AL102003,FABIAN,2003,2003-09-02,HU,120,945.0
AL102003,FABIAN,2003,2003-09-02,HU,120,945.0
AL102003,FABIAN,2003,2003-09-02,HU,120,946.0
AL102003,FABIAN,2003,2003-09-03,HU,115,945.0
AL102003,FABIAN,2003,2003-09-03,HU,110,945.0
AL102003,FABIAN,2003,2003-09-03,HU,110,945.0
AL102003,FABIAN,2003,2003-09-03,HU,110,944.0
AL102003,FABIAN,2003,2003-09-04,HU,115,939.0
AL102003,FABIAN,2003,2003-09-04,HU,105,944.0
AL102003,FABIAN,2003,2003-09-04,HU,105,944.0
AL102003,FABIAN,2003,2003-09-04,HU,110,941.0
AL102003,FABIAN,2003,2003-09-05,HU,115,940.0
AL102003,FABIAN,2003,2003-09-05,HU,105,946.0
AL102003,FABIAN,2003,2003-09-05,HU,105,951.0
AL102003,FABIAN,2003,2003-09-05,HU,105,950.0
AL102003,FABIAN,2003,2003-09-06,HU,100,953.0
AL102003,FABIAN,2003,2003-09-06,HU,100,956.0
AL102003,FABIAN,2003,2003-09-06,HU,100,957.0
AL102003,FABIAN,2003,2003-09-06,HU,100,958.0
AL102003,FABIAN,2003,2003-09-07,HU,90,962.0
AL102003,FABIAN,2003,2003-09-07,HU,85,965.0
AL102003,FABIAN,2003,2003-09-07,HU,80,967.0
AL102003,FABIAN,2003,2003-09-07,HU,75,972.0
AL102003,FABIAN,2003,2003-09-08,HU,70,975.0
AL102003,FABIAN,2003,2003-09-08,HU,70,977.0
AL102003,FABIAN,2003,2003-09-08,HU,65,980.0
AL132003,ISABEL,2003,2003-09-07,HU,65,987.0
AL132003,ISABEL,2003,2003-09-07,HU,70,984.0
AL132003,ISABEL,2003,2003-09-08,HU,80,976.0
AL132003,ISABEL,2003,2003-09-08,HU,95,966.0
AL132003,ISABEL,2003,2003-09-08,HU,110,952.0
AL132003,ISABEL,2003,2003-09-08,HU,110,952.0
AL132003,ISABEL,2003,2003-09-09,HU,115,948.0
AL132003,ISABEL,2003,2003-09-09,HU,115,948.0
AL132003,ISABEL,2003,2003-09-09,HU,115,948.0
AL132003,ISABEL,2003,2003-09-09,HU,115,948.0
AL132003,ISABEL,2003,2003-09-10,HU,110,952.0
AL132003,ISABEL,2003,2003-09-10,HU,110,952.0
AL132003,ISABEL,2003,2003-09-10,HU,115,948.0
AL132003,ISABEL,2003,2003-09-10,HU,120,942.0
AL132003,ISABEL,2003,2003-09-11,HU,125,935.0
AL132003,ISABEL,2003,2003-09-11,HU,125,935.0
AL132003,ISABEL,2003,2003-09-11,HU,135,925.0
AL132003,ISABEL,2003,2003-09-11,HU,145,915.0
AL132003,ISABEL,2003,2003-09-12,HU,140,920.0
AL132003,ISABEL,2003,2003-09-12,HU,140,920.0
AL132003,ISABEL,2003,2003-09-12,HU,140,920.0
AL132003,ISABEL,2003,2003-09-12,HU,140,920.0
AL132003,ISABEL,2003,2003-09-13,HU,135,925.0
AL132003,ISABEL,2003,2003-09-13,HU,130,935.0
AL132003,ISABEL,2003,2003-09-13,HU,135,935.0
AL132003,ISABEL,2003,2003-09-13,HU,140,932.0
AL132003,ISABEL,2003,2003-09-14,HU,135,935.0
AL132003,ISABEL,2003,2003-09-14,HU,135,939.0
AL132003,ISABEL,2003,2003-09-14,HU,135,935.0
AL132003,ISABEL,2003,2003-09-14,HU,140,933.0
AL132003,ISABEL,2003,2003-09-15,HU,130,937.0
AL132003,ISABEL,2003,2003-09-15,HU,125,940.0
AL132003,ISABEL,2003,2003-09-15,HU,120,946.0
AL132003,ISABEL,2003,2003-09-15,HU,115,949.0
AL132003,ISABEL,2003,2003-09-16,HU,105,952.0
AL132003,ISABEL,2003,2003-09-16,HU,100,955.0
AL132003,ISABEL,2003,2003-09-16,HU,95,959.0
AL132003,ISABEL,2003,2003-09-16,HU,95,959.0
AL132003,ISABEL,2003,2003-09-17,HU,95,957.0
AL132003,ISABEL,2003,2003-09-17,HU,95,957.0
AL132003,ISABEL,2003,2003-09-17,HU,90,957.0
AL132003,ISABEL,2003,2003-09-17,HU,90,955.0
AL132003,ISABEL,2003,2003-09-18,HU,90,953.0
AL132003,ISABEL,2003,2003-09-18,HU,90,956.0
AL132003,ISABEL,2003,2003-09-18,HU,90,956.0
AL132003,ISABEL,2003,2003-09-18,HU,90,957.0
AL132003,ISABEL,2003,2003-09-18,HU,85,958.0
AL132003,ISABEL,2003,2003-09-19,HU,65,969.0
AL152003,JUAN,2003,2003-09-26,HU,65,987.0
AL152003,JUAN,2003,2003-09-26,HU,70,987.0
AL152003,JUAN,2003,2003-09-27,HU,75,984.0
AL152003,JUAN,2003,2003-09-27,HU,75,981.0
AL152003,JUAN,2003,2003-09-27,HU,75,979.0
AL152003,JUAN,2003,2003-09-27,HU,90,969.0
AL152003,JUAN,2003,2003-09-28,HU,90,970.0
AL152003,JUAN,2003,2003-09-28,HU,90,970.0
AL152003,JUAN,2003,2003-09-28,HU,90,970.0
AL152003,JUAN,2003,2003-09-28,HU,90,970.0
AL152003,JUAN,2003,2003-09-29,HU,85,972.0
AL152003,JUAN,2003,2003-09-29,HU,85,973.0
AL152003,JUAN,2003,2003-09-29,HU,65,982.0
AL162003,KATE,2003,2003-09-29,HU,65,987.0
AL162003,KATE,2003,2003-09-30,HU,65,987.0
AL162003,KATE,2003,2003-10-01,HU,65,987.0
AL162003,KATE,2003,2003-10-02,HU,65,987.0
AL162003,KATE,2003,2003-10-02,HU,75,979.0
AL162003,KATE,2003,2003-10-02,HU,75,979.0
AL162003,KATE,2003,2003-10-02,HU,80,976.0
AL162003,KATE,2003,2003-10-03,HU,80,976.0
AL162003,KATE,2003,2003-10-03,HU,90,970.0
AL162003,KATE,2003,2003-10-03,HU,90,970.0
AL162003,KATE,2003,2003-10-03,HU,100,962.0
AL162003,KATE,2003,2003-10-04,HU,100,962.0
AL162003,KATE,2003,2003-10-04,HU,100,962.0
AL162003,KATE,2003,2003-10-04,HU,105,956.0
AL162003,KATE,2003,2003-10-04,HU,110,952.0
AL162003,KATE,2003,2003-10-05,HU,100,962.0
AL162003,KATE,2003,2003-10-05,HU,95,968.0
AL162003,KATE,2003,2003-10-05,HU,90,973.0
AL162003,KATE,2003,2003-10-05,HU,85,975.0
AL162003,KATE,2003,2003-10-06,HU,80,977.0
AL162003,KATE,2003,2003-10-06,HU,80,977.0
AL162003,KATE,2003,2003-10-06,HU,75,979.0
AL162003,KATE,2003,2003-10-06,HU,70,983.0
AL162003,KATE,2003,2003-10-07,HU,65,987.0
AL012004,ALEX,2004,2004-08-03,HU,70,983.0
AL012004,ALEX,2004,2004-08-03,HU,85,974.0
AL012004,ALEX,2004,2004-08-03,HU,85,972.0
AL012004,ALEX,2004,2004-08-04,HU,80,974.0
AL012004,ALEX,2004,2004-08-04,HU,80,973.0
AL012004,ALEX,2004,2004-08-04,HU,85,973.0
AL012004,ALEX,2004,2004-08-04,HU,95,965.0
AL012004,ALEX,2004,2004-08-05,HU,105,957.0
AL012004,ALEX,2004,2004-08-05,HU,105,957.0
AL012004,ALEX,2004,2004-08-05,HU,100,962.0
AL012004,ALEX,2004,2004-08-05,HU,90,970.0
AL012004,ALEX,2004,2004-08-06,HU,75,978.0
AL012004,ALEX,2004,2004-08-06,HU,65,984.0
AL032004,CHARLEY,2004,2004-08-11,HU,65,993.0
AL032004,CHARLEY,2004,2004-08-12,HU,65,992.0
AL032004,CHARLEY,2004,2004-08-12,HU,75,988.0
AL032004,CHARLEY,2004,2004-08-12,HU,80,984.0
AL032004,CHARLEY,2004,2004-08-12,HU,90,980.0
AL032004,CHARLEY,2004,2004-08-13,HU,90,976.0
AL032004,CHARLEY,2004,2004-08-13,HU,105,966.0
AL032004,CHARLEY,2004,2004-08-13,HU,105,966.0
AL032004,CHARLEY,2004,2004-08-13,HU,95,969.0
AL032004,CHARLEY,2004,2004-08-13,HU,125,947.0
AL032004,CHARLEY,2004,2004-08-13,HU,130,941.0
AL032004,CHARLEY,2004,2004-08-13,HU,125,942.0
AL032004,CHARLEY,2004,2004-08-14,HU,75,970.0
AL032004,CHARLEY,2004,2004-08-14,HU,75,993.0
AL032004,CHARLEY,2004,2004-08-14,HU,65,988.0
AL032004,CHARLEY,2004,2004-08-14,HU,70,992.0
AL032004,CHARLEY,2004,2004-08-14,HU,65,997.0
AL042004,DANIELLE,2004,2004-08-15,HU,65,987.0
AL042004,DANIELLE,2004,2004-08-15,HU,75,981.0
AL042004,DANIELLE,2004,2004-08-15,HU,80,978.0
AL042004,DANIELLE,2004,2004-08-15,HU,85,975.0
AL042004,DANIELLE,2004,2004-08-16,HU,90,970.0
AL042004,DANIELLE,2004,2004-08-16,HU,90,970.0
AL042004,DANIELLE,2004,2004-08-16,HU,90,970.0
AL042004,DANIELLE,2004,2004-08-16,HU,95,964.0
AL042004,DANIELLE,2004,2004-08-17,HU,95,965.0
AL042004,DANIELLE,2004,2004-08-17,HU,90,970.0
AL042004,DANIELLE,2004,2004-08-17,HU,90,970.0
AL042004,DANIELLE,2004,2004-08-17,HU,85,974.0
AL042004,DANIELLE,2004,2004-08-18,HU,75,981.0
AL042004,DANIELLE,2004,2004-08-18,HU,65,985.0
AL062004,FRANCES,2004,2004-08-26,HU,65,987.0
AL062004,FRANCES,2004,2004-08-27,HU,70,984.0
AL062004,FRANCES,2004,2004-08-27,HU,75,980.0
AL062004,FRANCES,2004,2004-08-27,HU,90,970.0
AL062004,FRANCES,2004,2004-08-27,HU,100,962.0
AL062004,FRANCES,2004,2004-08-28,HU,100,962.0
AL062004,FRANCES,2004,2004-08-28,HU,100,962.0
AL062004,FRANCES,2004,2004-08-28,HU,105,958.0
AL062004,FRANCES,2004,2004-08-28,HU,115,948.0
AL062004,FRANCES,2004,2004-08-29,HU,115,948.0
AL062004,FRANCES,2004,2004-08-29,HU,115,948.0
AL062004,FRANCES,2004,2004-08-29,HU,115,948.0
AL062004,FRANCES,2004,2004-08-29,HU,110,948.0
AL062004,FRANCES,2004,2004-08-30,HU,105,954.0
AL062004,FRANCES,2004,2004-08-30,HU,100,958.0
AL062004,FRANCES,2004,2004-08-30,HU,100,956.0
AL062004,FRANCES,2004,2004-08-30,HU,110,948.0
AL062004,FRANCES,2004,2004-08-31,HU,110,946.0
AL062004,FRANCES,2004,2004-08-31,HU,115,950.0
AL062004,FRANCES,2004,2004-08-31,HU,120,949.0
AL062004,FRANCES,2004,2004-08-31,HU,125,942.0
AL062004,FRANCES,2004,2004-09-01,HU,120,941.0
AL062004,FRANCES,2004,2004-09-01,HU,120,939.0
AL062004,FRANCES,2004,2004-09-01,HU,120,935.0
AL062004,FRANCES,2004,2004-09-01,HU,120,937.0
AL062004,FRANCES,2004,2004-09-01,HU,120,941.0
AL062004,FRANCES,2004,2004-09-02,HU,120,939.0
AL062004,FRANCES,2004,2004-09-02,HU,125,937.0
AL062004,FRANCES,2004,2004-09-02,HU,125,936.0
AL062004,FRANCES,2004,2004-09-02,HU,120,939.0
AL062004,FRANCES,2004,2004-09-02,HU,115,948.0
AL062004,FRANCES,2004,2004-09-02,HU,110,948.0
AL062004,FRANCES,2004,2004-09-03,HU,105,948.0
AL062004,FRANCES,2004,2004-09-03,HU,100,954.0
AL062004,FRANCES,2004,2004-09-03,HU,100,954.0
AL062004,FRANCES,2004,2004-09-03,HU,95,956.0
AL062004,FRANCES,2004,2004-09-03,HU,95,958.0
AL062004,FRANCES,2004,2004-09-03,HU,90,960.0
AL062004,FRANCES,2004,2004-09-04,HU,85,960.0
AL062004,FRANCES,2004,2004-09-04,HU,85,960.0
AL062004,FRANCES,2004,2004-09-04,HU,90,961.0
AL062004,FRANCES,2004,2004-09-04,HU,90,962.0
AL062004,FRANCES,2004,2004-09-04,HU,90,962.0
AL062004,FRANCES,2004,2004-09-05,HU,95,958.0
AL062004,FRANCES,2004,2004-09-05,HU,90,960.0
AL062004,FRANCES,2004,2004-09-05,HU,90,960.0
AL062004,FRANCES,2004,2004-09-05,HU,80,969.0
AL072004,GASTON,2004,2004-08-29,HU,65,986.0
AL072004,GASTON,2004,2004-08-29,HU,65,985.0
AL092004,IVAN,2004,2004-09-05,HU,65,987.0
AL092004,IVAN,2004,2004-09-05,HU,85,977.0
AL092004,IVAN,2004,2004-09-05,HU,110,955.0
AL092004,IVAN,2004,2004-09-06,HU,115,948.0
AL092004,IVAN,2004,2004-09-06,HU,110,950.0
AL092004,IVAN,2004,2004-09-06,HU,110,955.0
AL092004,IVAN,2004,2004-09-06,HU,90,969.0
AL092004,IVAN,2004,2004-09-07,HU,90,964.0
AL092004,IVAN,2004,2004-09-07,HU,95,965.0
AL092004,IVAN,2004,2004-09-07,HU,100,963.0
AL092004,IVAN,2004,2004-09-07,HU,105,956.0
AL092004,IVAN,2004,2004-09-07,HU,110,952.0
AL092004,IVAN,2004,2004-09-08,HU,115,950.0
AL092004,IVAN,2004,2004-09-08,HU,120,946.0
AL092004,IVAN,2004,2004-09-08,HU,120,955.0
AL092004,IVAN,2004,2004-09-08,HU,120,950.0
AL092004,IVAN,2004,2004-09-09,HU,130,938.0
AL092004,IVAN,2004,2004-09-09,HU,140,925.0
AL092004,IVAN,2004,2004-09-09,HU,140,919.0
AL092004,IVAN,2004,2004-09-09,HU,130,921.0
AL092004,IVAN,2004,2004-09-10,HU,130,923.0
AL092004,IVAN,2004,2004-09-10,HU,125,930.0
AL092004,IVAN,2004,2004-09-10,HU,125,934.0
AL092004,IVAN,2004,2004-09-10,HU,120,940.0
AL092004,IVAN,2004,2004-09-11,HU,135,926.0
AL092004,IVAN,2004,2004-09-11,HU,130,924.0
AL092004,IVAN,2004,2004-09-11,HU,130,923.0
AL092004,IVAN,2004,2004-09-11,HU,125,925.0
AL092004,IVAN,2004,2004-09-11,HU,145,920.0
AL092004,IVAN,2004,2004-09-12,HU,145,910.0
AL092004,IVAN,2004,2004-09-12,HU,135,915.0
AL092004,IVAN,2004,2004-09-12,HU,135,919.0
AL092004,IVAN,2004,2004-09-12,HU,130,920.0
AL092004,IVAN,2004,2004-09-12,HU,130,920.0
AL092004,IVAN,2004,2004-09-13,HU,140,916.0
AL092004,IVAN,2004,2004-09-13,HU,140,920.0
AL092004,IVAN,2004,2004-09-13,HU,140,915.0
AL092004,IVAN,2004,2004-09-13,HU,140,912.0
AL092004,IVAN,2004,2004-09-13,HU,140,910.0
AL092004,IVAN,2004,2004-09-14,HU,140,914.0
AL092004,IVAN,2004,2004-09-14,HU,140,916.0
AL092004,IVAN,2004,2004-09-14,HU,140,924.0
AL092004,IVAN,2004,2004-09-14,HU,125,930.0
AL092004,IVAN,2004,2004-09-14,HU,120,931.0
AL092004,IVAN,2004,2004-09-15,HU,120,928.0
AL092004,IVAN,2004,2004-09-15,HU,120,935.0
AL092004,IVAN,2004,2004-09-15,HU,115,939.0
AL092004,IVAN,2004,2004-09-15,HU,115,937.0
AL092004,IVAN,2004,2004-09-16,HU,110,931.0
AL092004,IVAN,2004,2004-09-16,HU,105,943.0
AL092004,IVAN,2004,2004-09-16,HU,105,946.0
AL092004,IVAN,2004,2004-09-16,HU,70,965.0
AL112004,JEANNE,2004,2004-09-16,HU,70,985.0
AL112004,JEANNE,2004,2004-09-16,HU,70,984.0
AL112004,JEANNE,2004,2004-09-16,HU,65,988.0
AL112004,JEANNE,2004,2004-09-20,HU,75,984.0
AL112004,JEANNE,2004,2004-09-21,HU,75,982.0
AL112004,JEANNE,2004,2004-09-21,HU,75,972.0
AL112004,JEANNE,2004,2004-09-21,HU,75,972.0
AL112004,JEANNE,2004,2004-09-21,HU,75,972.0
AL112004,JEANNE,2004,2004-09-22,HU,80,972.0
AL112004,JEANNE,2004,2004-09-22,HU,85,968.0
AL112004,JEANNE,2004,2004-09-22,HU,85,968.0
AL112004,JEANNE,2004,2004-09-22,HU,85,967.0
AL112004,JEANNE,2004,2004-09-23,HU,85,966.0
AL112004,JEANNE,2004,2004-09-23,HU,85,966.0
AL112004,JEANNE,2004,2004-09-23,HU,80,966.0
AL112004,JEANNE,2004,2004-09-23,HU,75,966.0
AL112004,JEANNE,2004,2004-09-24,HU,70,966.0
AL112004,JEANNE,2004,2004-09-24,HU,75,969.0
AL112004,JEANNE,2004,2004-09-24,HU,80,969.0
AL112004,JEANNE,2004,2004-09-24,HU,85,968.0
AL112004,JEANNE,2004,2004-09-25,HU,85,964.0
AL112004,JEANNE,2004,2004-09-25,HU,90,960.0
AL112004,JEANNE,2004,2004-09-25,HU,100,957.0
AL112004,JEANNE,2004,2004-09-25,HU,100,956.0
AL112004,JEANNE,2004,2004-09-25,HU,105,952.0
AL112004,JEANNE,2004,2004-09-26,HU,105,951.0
AL112004,JEANNE,2004,2004-09-26,HU,105,950.0
AL112004,JEANNE,2004,2004-09-26,HU,95,953.0
AL112004,JEANNE,2004,2004-09-26,HU,75,965.0
AL122004,KARL,2004,2004-09-18,HU,70,984.0
AL122004,KARL,2004,2004-09-18,HU,85,975.0
AL122004,KARL,2004,2004-09-18,HU,90,970.0
AL122004,KARL,2004,2004-09-18,HU,95,965.0
AL122004,KARL,2004,2004-09-19,HU,95,965.0
AL122004,KARL,2004,2004-09-19,HU,100,960.0
AL122004,KARL,2004,2004-09-19,HU,105,955.0
AL122004,KARL,2004,2004-09-19,HU,110,951.0
AL122004,KARL,2004,2004-09-20,HU,110,951.0
AL122004,KARL,2004,2004-09-20,HU,115,948.0
AL122004,KARL,2004,2004-09-20,HU,110,951.0
AL122004,KARL,2004,2004-09-20,HU,110,951.0
AL122004,KARL,2004,2004-09-21,HU,120,943.0
AL122004,KARL,2004,2004-09-21,HU,125,938.0
AL122004,KARL,2004,2004-09-21,HU,120,943.0
AL122004,KARL,2004,2004-09-21,HU,105,948.0
AL122004,KARL,2004,2004-09-22,HU,100,955.0
AL122004,KARL,2004,2004-09-22,HU,95,962.0
AL122004,KARL,2004,2004-09-22,HU,90,967.0
AL122004,KARL,2004,2004-09-22,HU,90,970.0
AL122004,KARL,2004,2004-09-23,HU,95,965.0
AL122004,KARL,2004,2004-09-23,HU,110,951.0
AL122004,KARL,2004,2004-09-23,HU,105,953.0
AL122004,KARL,2004,2004-09-23,HU,90,955.0
AL122004,KARL,2004,2004-09-24,HU,80,957.0
AL122004,KARL,2004,2004-09-24,HU,75,959.0
AL122004,KARL,2004,2004-09-24,HU,70,961.0
AL122004,KARL,2004,2004-09-24,HU,65,962.0
AL132004,LISA,2004,2004-10-02,HU,65,987.0
AL132004,LISA,2004,2004-10-02,HU,65,987.0
AL032005,CINDY,2005,2005-07-06,HU,65,992.0
AL032005,CINDY,2005,2005-07-06,HU,65,991.0
AL042005,DENNIS,2005,2005-07-07,HU,70,982.0
AL042005,DENNIS,2005,2005-07-07,HU,80,972.0
AL042005,DENNIS,2005,2005-07-07,HU,90,967.0
AL042005,DENNIS,2005,2005-07-07,HU,100,957.0
AL042005,DENNIS,2005,2005-07-08,HU,120,951.0
AL042005,DENNIS,2005,2005-07-08,HU,120,956.0
AL042005,DENNIS,2005,2005-07-08,HU,110,953.0
AL042005,DENNIS,2005,2005-07-08,HU,130,938.0
AL042005,DENNIS,2005,2005-07-08,HU,120,941.0
AL042005,DENNIS,2005,2005-07-08,HU,120,941.0
AL042005,DENNIS,2005,2005-07-09,HU,100,960.0
AL042005,DENNIS,2005,2005-07-09,HU,75,973.0
AL042005,DENNIS,2005,2005-07-09,HU,80,967.0
AL042005,DENNIS,2005,2005-07-09,HU,90,962.0
AL042005,DENNIS,2005,2005-07-10,HU,110,942.0
AL042005,DENNIS,2005,2005-07-10,HU,125,935.0
AL042005,DENNIS,2005,2005-07-10,HU,120,930.0
AL042005,DENNIS,2005,2005-07-10,HU,110,942.0
AL042005,DENNIS,2005,2005-07-10,HU,105,946.0
AL052005,EMILY,2005,2005-07-14,HU,70,999.0
AL052005,EMILY,2005,2005-07-14,HU,75,991.0
AL052005,EMILY,2005,2005-07-14,HU,75,989.0
AL052005,EMILY,2005,2005-07-14,HU,85,980.0
AL052005,EMILY,2005,2005-07-14,HU,100,971.0
AL052005,EMILY,2005,2005-07-15,HU,110,959.0
AL052005,EMILY,2005,2005-07-15,HU,115,952.0
AL052005,EMILY,2005,2005-07-15,HU,115,964.0
AL052005,EMILY,2005,2005-07-15,HU,95,969.0
AL052005,EMILY,2005,2005-07-16,HU,110,958.0
AL052005,EMILY,2005,2005-07-16,HU,120,953.0
AL052005,EMILY,2005,2005-07-16,HU,130,944.0
AL052005,EMILY,2005,2005-07-16,HU,135,937.0
AL052005,EMILY,2005,2005-07-17,HU,140,929.0
AL052005,EMILY,2005,2005-07-17,HU,135,940.0
AL052005,EMILY,2005,2005-07-17,HU,130,946.0
AL052005,EMILY,2005,2005-07-17,HU,125,948.0
AL052005,EMILY,2005,2005-07-18,HU,120,951.0
AL052005,EMILY,2005,2005-07-18,HU,115,955.0
AL052005,EMILY,2005,2005-07-18,HU,115,955.0
AL052005,EMILY,2005,2005-07-18,HU,65,975.0
AL052005,EMILY,2005,2005-07-18,HU,65,984.0
AL052005,EMILY,2005,2005-07-19,HU,75,981.0
AL052005,EMILY,2005,2005-07-19,HU,80,980.0
AL052005,EMILY,2005,2005-07-19,HU,80,977.0
AL052005,EMILY,2005,2005-07-19,HU,85,959.0
AL052005,EMILY,2005,2005-07-20,HU,110,948.0
AL052005,EMILY,2005,2005-07-20,HU,110,944.0
AL052005,EMILY,2005,2005-07-20,HU,110,944.0
AL052005,EMILY,2005,2005-07-20,HU,70,975.0
AL092005,IRENE,2005,2005-08-15,HU,70,989.0
AL092005,IRENE,2005,2005-08-15,HU,75,985.0
AL092005,IRENE,2005,2005-08-15,HU,75,985.0
AL092005,IRENE,2005,2005-08-15,HU,80,980.0
AL092005,IRENE,2005,2005-08-16,HU,80,980.0
AL092005,IRENE,2005,2005-08-16,HU,80,978.0
AL092005,IRENE,2005,2005-08-16,HU,85,975.0
AL092005,IRENE,2005,2005-08-16,HU,90,970.0
AL092005,IRENE,2005,2005-08-17,HU,80,978.0
AL092005,IRENE,2005,2005-08-17,HU,75,983.0
AL092005,IRENE,2005,2005-08-17,HU,65,987.0
AL092005,IRENE,2005,2005-08-17,HU,65,987.0
AL122005,KATRINA,2005,2005-08-25,HU,70,984.0
AL122005,KATRINA,2005,2005-08-26,HU,70,983.0
AL122005,KATRINA,2005,2005-08-26,HU,65,987.0
AL122005,KATRINA,2005,2005-08-26,HU,75,979.0
AL122005,KATRINA,2005,2005-08-26,HU,85,968.0
AL122005,KATRINA,2005,2005-08-27,HU,90,959.0
AL122005,KATRINA,2005,2005-08-27,HU,95,950.0
AL122005,KATRINA,2005,2005-08-27,HU,100,942.0
AL122005,KATRINA,2005,2005-08-27,HU,100,948.0
AL122005,KATRINA,2005,2005-08-28,HU,100,941.0
AL122005,KATRINA,2005,2005-08-28,HU,125,930.0
AL122005,KATRINA,2005,2005-08-28,HU,145,909.0
AL122005,KATRINA,2005,2005-08-28,HU,150,902.0
AL122005,KATRINA,2005,2005-08-29,HU,140,905.0
AL122005,KATRINA,2005,2005-08-29,HU,125,913.0
AL122005,KATRINA,2005,2005-08-29,HU,110,920.0
AL122005,KATRINA,2005,2005-08-29,HU,110,923.0
AL122005,KATRINA,2005,2005-08-29,HU,105,928.0
AL122005,KATRINA,2005,2005-08-29,HU,80,948.0
AL142005,MARIA,2005,2005-09-04,HU,65,987.0
AL142005,MARIA,2005,2005-09-04,HU,65,987.0
AL142005,MARIA,2005,2005-09-04,HU,75,980.0
AL142005,MARIA,2005,2005-09-05,HU,75,980.0
AL142005,MARIA,2005,2005-09-05,HU,80,977.0
AL142005,MARIA,2005,2005-09-05,HU,85,975.0
AL142005,MARIA,2005,2005-09-05,HU,90,970.0
AL142005,MARIA,2005,2005-09-06,HU,100,962.0
AL142005,MARIA,2005,2005-09-06,HU,90,970.0
AL142005,MARIA,2005,2005-09-06,HU,80,975.0
AL142005,MARIA,2005,2005-09-06,HU,75,980.0
AL142005,MARIA,2005,2005-09-07,HU,65,987.0
AL142005,MARIA,2005,2005-09-07,HU,70,983.0
AL142005,MARIA,2005,2005-09-07,HU,75,980.0
AL142005,MARIA,2005,2005-09-07,HU,75,980.0
AL142005,MARIA,2005,2005-09-08,HU,70,982.0
AL142005,MARIA,2005,2005-09-08,HU,65,985.0
AL142005,MARIA,2005,2005-09-08,HU,65,985.0
AL142005,MARIA,2005,2005-09-08,HU,65,985.0
AL152005,NATE,2005,2005-09-07,HU,65,987.0
AL152005,NATE,2005,2005-09-07,HU,70,985.0
AL152005,NATE,2005,2005-09-08,HU,75,984.0
AL152005,NATE,2005,2005-09-08,HU,75,982.0
AL152005,NATE,2005,2005-09-08,HU,75,982.0
AL152005,NATE,2005,2005-09-08,HU,75,982.0
AL152005,NATE,2005,2005-09-09,HU,80,979.0
AL152005,NATE,2005,2005-09-09,HU,70,985.0
AL152005,NATE,2005,2005-09-09,HU,65,986.0
AL162005,OPHELIA,2005,2005-09-09,HU,65,990.0
AL162005,OPHELIA,2005,2005-09-09,HU,65,983.0
AL162005,OPHELIA,2005,2005-09-10,HU,65,976.0
AL162005,OPHELIA,2005,2005-09-10,HU,70,977.0
AL162005,OPHELIA,2005,2005-09-11,HU,70,977.0
AL162005,OPHELIA,2005,2005-09-11,HU,75,978.0
AL162005,OPHELIA,2005,2005-09-11,HU,70,978.0
AL162005,OPHELIA,2005,2005-09-11,HU,65,978.0
AL162005,OPHELIA,2005,2005-09-14,HU,65,985.0
AL162005,OPHELIA,2005,2005-09-14,HU,70,980.0
AL162005,OPHELIA,2005,2005-09-14,HU,75,980.0
AL162005,OPHELIA,2005,2005-09-14,HU,75,979.0
AL162005,OPHELIA,2005,2005-09-15,HU,75,979.0
AL162005,OPHELIA,2005,2005-09-15,HU,70,982.0
AL162005,OPHELIA,2005,2005-09-15,HU,65,984.0
AL162005,OPHELIA,2005,2005-09-15,HU,65,986.0
AL172005,PHILIPPE,2005,2005-09-19,HU,65,987.0
AL172005,PHILIPPE,2005,2005-09-19,HU,65,987.0
AL172005,PHILIPPE,2005,2005-09-19,HU,65,987.0
AL172005,PHILIPPE,2005,2005-09-19,HU,65,987.0
AL172005,PHILIPPE,2005,2005-09-20,HU,70,985.0
AL172005,PHILIPPE,2005,2005-09-20,HU,65,987.0
AL182005,RITA,2005,2005-09-20,HU,70,985.0
AL182005,RITA,2005,2005-09-20,HU,85,975.0
AL182005,RITA,2005,2005-09-21,HU,95,967.0
AL182005,RITA,2005,2005-09-21,HU,110,955.0
AL182005,RITA,2005,2005-09-21,HU,120,941.0
AL182005,RITA,2005,2005-09-21,HU,145,920.0
AL182005,RITA,2005,2005-09-22,HU,150,897.0
AL182005,RITA,2005,2005-09-22,HU,155,895.0
AL182005,RITA,2005,2005-09-22,HU,155,897.0
AL182005,RITA,2005,2005-09-22,HU,140,908.0
AL182005,RITA,2005,2005-09-22,HU,125,913.0
AL182005,RITA,2005,2005-09-23,HU,120,915.0
AL182005,RITA,2005,2005-09-23,HU,115,924.0
AL182005,RITA,2005,2005-09-23,HU,115,927.0
AL182005,RITA,2005,2005-09-23,HU,110,930.0
AL182005,RITA,2005,2005-09-24,HU,105,931.0
AL182005,RITA,2005,2005-09-24,HU,100,935.0
AL182005,RITA,2005,2005-09-24,HU,100,937.0
AL182005,RITA,2005,2005-09-24,HU,65,949.0
AL202005,STAN,2005,2005-10-04,HU,65,987.0
AL202005,STAN,2005,2005-10-04,HU,70,977.0
AL242005,VINCE,2005,2005-10-09,HU,65,988.0
AL252005,WILMA,2005,2005-10-18,HU,65,979.0
AL252005,WILMA,2005,2005-10-18,HU,75,975.0
AL252005,WILMA,2005,2005-10-19,HU,130,946.0
AL252005,WILMA,2005,2005-10-19,HU,150,892.0
AL252005,WILMA,2005,2005-10-19,HU,160,882.0
AL252005,WILMA,2005,2005-10-19,HU,140,892.0
AL252005,WILMA,2005,2005-10-20,HU,135,892.0
AL252005,WILMA,2005,2005-10-20,HU,130,901.0
AL252005,WILMA,2005,2005-10-20,HU,130,910.0
AL252005,WILMA,2005,2005-10-20,HU,130,917.0
AL252005,WILMA,2005,2005-10-21,HU,130,924.0
AL252005,WILMA,2005,2005-10-21,HU,130,930.0
AL252005,WILMA,2005,2005-10-21,HU,125,929.0
AL252005,WILMA,2005,2005-10-21,HU,120,926.0
AL252005,WILMA,2005,2005-10-21,HU,130,927.0
AL252005,WILMA,2005,2005-10-22,HU,120,930.0
AL252005,WILMA,2005,2005-10-22,HU,115,933.0
AL252005,WILMA,2005,2005-10-22,HU,110,935.0
AL252005,WILMA,2005,2005-10-22,HU,100,947.0
AL252005,WILMA,2005,2005-10-22,HU,85,958.0
AL252005,WILMA,2005,2005-10-23,HU,85,960.0
AL252005,WILMA,2005,2005-10-23,HU,85,962.0
AL252005,WILMA,2005,2005-10-23,HU,85,961.0
AL252005,WILMA,2005,2005-10-23,HU,90,963.0
AL252005,WILMA,2005,2005-10-24,HU,95,958.0
AL252005,WILMA,2005,2005-10-24,HU,110,953.0
AL252005,WILMA,2005,2005-10-24,HU,105,950.0
AL252005,WILMA,2005,2005-10-24,HU,95,950.0
AL252005,WILMA,2005,2005-10-24,HU,105,955.0
AL252005,WILMA,2005,2005-10-25,HU,110,955.0
AL252005,WILMA,2005,2005-10-25,HU,100,963.0
AL252005,WILMA,2005,2005-10-25,HU,90,970.0
AL252005,WILMA,2005,2005-10-25,HU,75,976.0
AL272005,BETA,2005,2005-10-29,HU,70,985.0
AL272005,BETA,2005,2005-10-29,HU,75,982.0
AL272005,BETA,2005,2005-10-29,HU,75,980.0
AL272005,BETA,2005,2005-10-30,HU,90,970.0
AL272005,BETA,2005,2005-10-30,HU,100,962.0
AL272005,BETA,2005,2005-10-30,HU,90,970.0
AL302005,EPSILON,2005,2005-12-02,HU,65,987.0
AL302005,EPSILON,2005,2005-12-03,HU,65,987.0
AL302005,EPSILON,2005,2005-12-03,HU,65,987.0
AL302005,EPSILON,2005,2005-12-03,HU,65,987.0
AL302005,EPSILON,2005,2005-12-03,HU,65,987.0
AL302005,EPSILON,2005,2005-12-04,HU,65,987.0
AL302005,EPSILON,2005,2005-12-04,HU,65,987.0
AL302005,EPSILON,2005,2005-12-04,HU,70,984.0
AL302005,EPSILON,2005,2005-12-04,HU,70,985.0
AL302005,EPSILON,2005,2005-12-05,HU,70,985.0
AL302005,EPSILON,2005,2005-12-05,HU,75,981.0
AL302005,EPSILON,2005,2005-12-05,HU,75,981.0
AL302005,EPSILON,2005,2005-12-05,HU,70,985.0
AL302005,EPSILON,2005,2005-12-06,HU,65,986.0
AL302005,EPSILON,2005,2005-12-06,HU,65,986.0
AL302005,EPSILON,2005,2005-12-06,HU,65,987.0
AL302005,EPSILON,2005,2005-12-06,HU,65,987.0
AL302005,EPSILON,2005,2005-12-07,HU,65,987.0
AL302005,EPSILON,2005,2005-12-07,HU,65,987.0
AL302005,EPSILON,2005,2005-12-07,HU,65,987.0
AL062006,ERNESTO,2006,2006-08-27,HU,65,992.0
AL072006,FLORENCE,2006,2006-09-10,HU,70,980.0
AL072006,FLORENCE,2006,2006-09-10,HU,75,978.0
AL072006,FLORENCE,2006,2006-09-10,HU,80,976.0
AL072006,FLORENCE,2006,2006-09-11,HU,80,975.0
AL072006,FLORENCE,2006,2006-09-11,HU,70,977.0
AL072006,FLORENCE,2006,2006-09-11,HU,75,974.0
AL072006,FLORENCE,2006,2006-09-11,HU,75,974.0
AL072006,FLORENCE,2006,2006-09-12,HU,70,975.0
AL072006,FLORENCE,2006,2006-09-12,HU,65,976.0
AL072006,FLORENCE,2006,2006-09-12,HU,65,976.0
AL072006,FLORENCE,2006,2006-09-12,HU,65,977.0
AL082006,GORDON,2006,2006-09-13,HU,65,987.0
AL082006,GORDON,2006,2006-09-13,HU,70,984.0
AL082006,GORDON,2006,2006-09-13,HU,80,980.0
AL082006,GORDON,2006,2006-09-13,HU,95,965.0
AL082006,GORDON,2006,2006-09-14,HU,105,955.0
AL082006,GORDON,2006,2006-09-14,HU,105,956.0
AL082006,GORDON,2006,2006-09-14,HU,105,956.0
AL082006,GORDON,2006,2006-09-14,HU,105,958.0
AL082006,GORDON,2006,2006-09-15,HU,100,960.0
AL082006,GORDON,2006,2006-09-15,HU,95,965.0
AL082006,GORDON,2006,2006-09-15,HU,85,973.0
AL082006,GORDON,2006,2006-09-15,HU,80,976.0
AL082006,GORDON,2006,2006-09-16,HU,75,980.0
AL082006,GORDON,2006,2006-09-16,HU,70,983.0
AL082006,GORDON,2006,2006-09-16,HU,65,987.0
AL082006,GORDON,2006,2006-09-16,HU,65,987.0
AL082006,GORDON,2006,2006-09-17,HU,65,987.0
AL082006,GORDON,2006,2006-09-17,HU,65,987.0
AL082006,GORDON,2006,2006-09-17,HU,70,983.0
AL082006,GORDON,2006,2006-09-17,HU,70,983.0
AL082006,GORDON,2006,2006-09-18,HU,75,981.0
AL082006,GORDON,2006,2006-09-18,HU,75,979.0
AL082006,GORDON,2006,2006-09-18,HU,80,976.0
AL082006,GORDON,2006,2006-09-18,HU,85,972.0
AL082006,GORDON,2006,2006-09-19,HU,85,972.0
AL082006,GORDON,2006,2006-09-19,HU,90,970.0
AL082006,GORDON,2006,2006-09-19,HU,80,977.0
AL082006,GORDON,2006,2006-09-19,HU,75,979.0
AL082006,GORDON,2006,2006-09-20,HU,70,980.0
AL082006,GORDON,2006,2006-09-20,HU,70,980.0
AL082006,GORDON,2006,2006-09-20,HU,65,983.0
AL082006,GORDON,2006,2006-09-20,HU,65,983.0
AL092006,HELENE,2006,2006-09-16,HU,65,987.0
AL092006,HELENE,2006,2006-09-16,HU,65,986.0
AL092006,HELENE,2006,2006-09-17,HU,70,983.0
AL092006,HELENE,2006,2006-09-17,HU,75,979.0
AL092006,HELENE,2006,2006-09-17,HU,80,976.0
AL092006,HELENE,2006,2006-09-17,HU,90,970.0
AL092006,HELENE,2006,2006-09-18,HU,100,962.0
AL092006,HELENE,2006,2006-09-18,HU,105,955.0
AL092006,HELENE,2006,2006-09-18,HU,105,958.0
AL092006,HELENE,2006,2006-09-18,HU,95,962.0
AL092006,HELENE,2006,2006-09-19,HU,95,962.0
AL092006,HELENE,2006,2006-09-19,HU,95,960.0
AL092006,HELENE,2006,2006-09-19,HU,95,958.0
AL092006,HELENE,2006,2006-09-19,HU,90,956.0
AL092006,HELENE,2006,2006-09-20,HU,90,958.0
AL092006,HELENE,2006,2006-09-20,HU,90,958.0
AL092006,HELENE,2006,2006-09-20,HU,90,959.0
AL092006,HELENE,2006,2006-09-20,HU,80,960.0
AL092006,HELENE,2006,2006-09-21,HU,80,962.0
AL092006,HELENE,2006,2006-09-21,HU,75,964.0
AL092006,HELENE,2006,2006-09-21,HU,75,968.0
AL092006,HELENE,2006,2006-09-21,HU,75,970.0
AL092006,HELENE,2006,2006-09-22,HU,75,970.0
AL092006,HELENE,2006,2006-09-22,HU,70,970.0
AL092006,HELENE,2006,2006-09-22,HU,70,970.0
AL092006,HELENE,2006,2006-09-22,HU,70,968.0
AL092006,HELENE,2006,2006-09-23,HU,75,964.0
AL092006,HELENE,2006,2006-09-23,HU,80,962.0
AL092006,HELENE,2006,2006-09-23,HU,80,962.0
AL092006,HELENE,2006,2006-09-23,HU,75,963.0
AL092006,HELENE,2006,2006-09-24,HU,70,964.0
AL092006,HELENE,2006,2006-09-24,HU,65,964.0
AL092006,HELENE,2006,2006-09-24,HU,65,964.0
AL102006,ISAAC,2006,2006-09-30,HU,65,992.0
AL102006,ISAAC,2006,2006-09-30,HU,70,989.0
AL102006,ISAAC,2006,2006-10-01,HU,75,987.0
AL102006,ISAAC,2006,2006-10-01,HU,75,985.0
AL102006,ISAAC,2006,2006-10-01,HU,70,986.0
AL102006,ISAAC,2006,2006-10-01,HU,70,987.0
AL102006,ISAAC,2006,2006-10-02,HU,65,988.0
AL102006,ISAAC,2006,2006-10-02,HU,65,989.0
AL042007,DEAN,2007,2007-08-16,HU,70,984.0
AL042007,DEAN,2007,2007-08-16,HU,80,972.0
AL042007,DEAN,2007,2007-08-16,HU,80,972.0
AL042007,DEAN,2007,2007-08-17,HU,80,976.0
AL042007,DEAN,2007,2007-08-17,HU,80,975.0
AL042007,DEAN,2007,2007-08-17,HU,90,967.0
AL042007,DEAN,2007,2007-08-17,HU,110,961.0
AL042007,DEAN,2007,2007-08-18,HU,125,944.0
AL042007,DEAN,2007,2007-08-18,HU,145,929.0
AL042007,DEAN,2007,2007-08-18,HU,145,923.0
AL042007,DEAN,2007,2007-08-18,HU,130,930.0
AL042007,DEAN,2007,2007-08-19,HU,120,920.0
AL042007,DEAN,2007,2007-08-19,HU,120,921.0
AL042007,DEAN,2007,2007-08-19,HU,125,923.0
AL042007,DEAN,2007,2007-08-19,HU,125,930.0
AL042007,DEAN,2007,2007-08-20,HU,125,926.0
AL042007,DEAN,2007,2007-08-20,HU,130,926.0
AL042007,DEAN,2007,2007-08-20,HU,130,926.0
AL042007,DEAN,2007,2007-08-20,HU,135,924.0
AL042007,DEAN,2007,2007-08-21,HU,145,914.0
AL042007,DEAN,2007,2007-08-21,HU,150,907.0
AL042007,DEAN,2007,2007-08-21,HU,150,905.0
AL042007,DEAN,2007,2007-08-21,HU,110,935.0
AL042007,DEAN,2007,2007-08-21,HU,75,960.0
AL042007,DEAN,2007,2007-08-22,HU,65,979.0
AL042007,DEAN,2007,2007-08-22,HU,70,979.0
AL042007,DEAN,2007,2007-08-22,HU,80,976.0
AL042007,DEAN,2007,2007-08-22,HU,85,974.0
AL042007,DEAN,2007,2007-08-22,HU,75,974.0
AL062007,FELIX,2007,2007-09-02,HU,65,992.0
AL062007,FELIX,2007,2007-09-02,HU,85,985.0
AL062007,FELIX,2007,2007-09-02,HU,90,980.0
AL062007,FELIX,2007,2007-09-02,HU,115,962.0
AL062007,FELIX,2007,2007-09-03,HU,150,935.0
AL062007,FELIX,2007,2007-09-03,HU,150,930.0
AL062007,FELIX,2007,2007-09-03,HU,150,929.0
AL062007,FELIX,2007,2007-09-03,HU,140,937.0
AL062007,FELIX,2007,2007-09-03,HU,115,951.0
AL062007,FELIX,2007,2007-09-04,HU,115,950.0
AL062007,FELIX,2007,2007-09-04,HU,135,939.0
AL062007,FELIX,2007,2007-09-04,HU,140,934.0
AL062007,FELIX,2007,2007-09-04,HU,85,962.0
AL092007,HUMBERTO,2007,2007-09-13,HU,80,985.0
AL092007,HUMBERTO,2007,2007-09-13,HU,80,985.0
AL092007,HUMBERTO,2007,2007-09-13,HU,65,989.0
AL122007,KAREN,2007,2007-09-26,HU,65,988.0
AL122007,KAREN,2007,2007-09-26,HU,65,990.0
AL132007,LORENZO,2007,2007-09-28,HU,70,990.0
AL132007,LORENZO,2007,2007-09-28,HU,65,993.0
AL132007,LORENZO,2007,2007-09-28,HU,65,993.0
AL162007,NOEL,2007,2007-11-02,HU,70,981.0
AL162007,NOEL,2007,2007-11-02,HU,70,981.0
AL162007,NOEL,2007,2007-11-02,HU,70,981.0
AL162007,NOEL,2007,2007-11-02,HU,70,980.0
AL022008,BERTHA,2008,2008-07-07,HU,65,987.0
AL022008,BERTHA,2008,2008-07-07,HU,80,975.0
AL022008,BERTHA,2008,2008-07-07,HU,100,960.0
AL022008,BERTHA,2008,2008-07-07,HU,110,952.0
AL022008,BERTHA,2008,2008-07-08,HU,105,955.0
AL022008,BERTHA,2008,2008-07-08,HU,105,955.0
AL022008,BERTHA,2008,2008-07-08,HU,90,970.0
AL022008,BERTHA,2008,2008-07-08,HU,75,980.0
AL022008,BERTHA,2008,2008-07-09,HU,70,985.0
AL022008,BERTHA,2008,2008-07-09,HU,65,987.0
AL022008,BERTHA,2008,2008-07-09,HU,65,987.0
AL022008,BERTHA,2008,2008-07-09,HU,85,974.0
AL022008,BERTHA,2008,2008-07-10,HU,90,970.0
AL022008,BERTHA,2008,2008-07-10,HU,90,970.0
AL022008,BERTHA,2008,2008-07-10,HU,80,977.0
AL022008,BERTHA,2008,2008-07-10,HU,75,980.0
AL022008,BERTHA,2008,2008-07-11,HU,75,980.0
AL022008,BERTHA,2008,2008-07-11,HU,75,980.0
AL022008,BERTHA,2008,2008-07-11,HU,75,980.0
AL022008,BERTHA,2008,2008-07-11,HU,80,976.0
AL022008,BERTHA,2008,2008-07-12,HU,80,976.0
AL022008,BERTHA,2008,2008-07-12,HU,80,976.0
AL022008,BERTHA,2008,2008-07-12,HU,75,976.0
AL022008,BERTHA,2008,2008-07-12,HU,65,983.0
AL022008,BERTHA,2008,2008-07-13,HU,65,984.0
AL022008,BERTHA,2008,2008-07-13,HU,65,985.0
AL022008,BERTHA,2008,2008-07-18,HU,65,989.0
AL022008,BERTHA,2008,2008-07-19,HU,65,989.0
AL022008,BERTHA,2008,2008-07-19,HU,65,989.0
AL022008,BERTHA,2008,2008-07-19,HU,65,989.0
AL022008,BERTHA,2008,2008-07-19,HU,65,989.0
AL042008,DOLLY,2008,2008-07-23,HU,65,982.0
AL042008,DOLLY,2008,2008-07-23,HU,70,982.0
AL042008,DOLLY,2008,2008-07-23,HU,85,967.0
AL042008,DOLLY,2008,2008-07-23,HU,85,963.0
AL042008,DOLLY,2008,2008-07-23,HU,75,967.0
AL042008,DOLLY,2008,2008-07-23,HU,75,967.0
AL042008,DOLLY,2008,2008-07-23,HU,70,967.0
AL042008,DOLLY,2008,2008-07-24,HU,65,976.0
AL072008,GUSTAV,2008,2008-08-26,HU,75,986.0
AL072008,GUSTAV,2008,2008-08-26,HU,80,981.0
AL072008,GUSTAV,2008,2008-08-26,HU,70,992.0
AL072008,GUSTAV,2008,2008-08-29,HU,65,984.0
AL072008,GUSTAV,2008,2008-08-30,HU,75,975.0
AL072008,GUSTAV,2008,2008-08-30,HU,85,968.0
AL072008,GUSTAV,2008,2008-08-30,HU,110,955.0
AL072008,GUSTAV,2008,2008-08-30,HU,125,943.0
AL072008,GUSTAV,2008,2008-08-30,HU,135,941.0
AL072008,GUSTAV,2008,2008-08-31,HU,120,950.0
AL072008,GUSTAV,2008,2008-08-31,HU,105,960.0
AL072008,GUSTAV,2008,2008-08-31,HU,100,961.0
AL072008,GUSTAV,2008,2008-08-31,HU,95,960.0
AL072008,GUSTAV,2008,2008-09-01,HU,95,953.0
AL072008,GUSTAV,2008,2008-09-01,HU,95,954.0
AL072008,GUSTAV,2008,2008-09-01,HU,95,955.0
AL072008,GUSTAV,2008,2008-09-01,HU,90,954.0
AL072008,GUSTAV,2008,2008-09-01,HU,85,958.0
AL082008,HANNA,2008,2008-09-01,HU,70,985.0
AL082008,HANNA,2008,2008-09-02,HU,75,977.0
AL082008,HANNA,2008,2008-09-02,HU,65,980.0
AL092008,IKE,2008,2008-09-03,HU,75,979.0
AL092008,IKE,2008,2008-09-04,HU,105,956.0
AL092008,IKE,2008,2008-09-04,HU,125,935.0
AL092008,IKE,2008,2008-09-04,HU,120,937.0
AL092008,IKE,2008,2008-09-04,HU,115,940.0
AL092008,IKE,2008,2008-09-05,HU,115,944.0
AL092008,IKE,2008,2008-09-05,HU,115,949.0
AL092008,IKE,2008,2008-09-05,HU,105,954.0
AL092008,IKE,2008,2008-09-05,HU,100,959.0
AL092008,IKE,2008,2008-09-06,HU,100,962.0
AL092008,IKE,2008,2008-09-06,HU,100,964.0
AL092008,IKE,2008,2008-09-06,HU,95,965.0
AL092008,IKE,2008,2008-09-06,HU,115,950.0
AL092008,IKE,2008,2008-09-07,HU,115,947.0
AL092008,IKE,2008,2008-09-07,HU,115,947.0
AL092008,IKE,2008,2008-09-07,HU,110,947.0
AL092008,IKE,2008,2008-09-07,HU,110,947.0
AL092008,IKE,2008,2008-09-07,HU,105,946.0
AL092008,IKE,2008,2008-09-08,HU,115,945.0
AL092008,IKE,2008,2008-09-08,HU,115,945.0
AL092008,IKE,2008,2008-09-08,HU,100,950.0
AL092008,IKE,2008,2008-09-08,HU,85,960.0
AL092008,IKE,2008,2008-09-08,HU,75,964.0
AL092008,IKE,2008,2008-09-09,HU,70,965.0
AL092008,IKE,2008,2008-09-09,HU,70,965.0
AL092008,IKE,2008,2008-09-09,HU,70,965.0
AL092008,IKE,2008,2008-09-09,HU,70,965.0
AL092008,IKE,2008,2008-09-09,HU,65,966.0
AL092008,IKE,2008,2008-09-10,HU,65,968.0
AL092008,IKE,2008,2008-09-10,HU,70,964.0
AL092008,IKE,2008,2008-09-10,HU,80,959.0
AL092008,IKE,2008,2008-09-10,HU,85,958.0
AL092008,IKE,2008,2008-09-11,HU,85,944.0
AL092008,IKE,2008,2008-09-11,HU,85,945.0
AL092008,IKE,2008,2008-09-11,HU,85,946.0
AL092008,IKE,2008,2008-09-11,HU,85,952.0
AL092008,IKE,2008,2008-09-12,HU,85,954.0
AL092008,IKE,2008,2008-09-12,HU,90,954.0
AL092008,IKE,2008,2008-09-12,HU,95,954.0
AL092008,IKE,2008,2008-09-12,HU,95,954.0
AL092008,IKE,2008,2008-09-13,HU,95,952.0
AL092008,IKE,2008,2008-09-13,HU,95,951.0
AL092008,IKE,2008,2008-09-13,HU,95,950.0
AL092008,IKE,2008,2008-09-13,HU,85,959.0
AL112008,KYLE,2008,2008-09-27,HU,65,996.0
AL112008,KYLE,2008,2008-09-27,HU,70,995.0
AL112008,KYLE,2008,2008-09-28,HU,70,995.0
AL112008,KYLE,2008,2008-09-28,HU,70,992.0
AL112008,KYLE,2008,2008-09-28,HU,75,989.0
AL112008,KYLE,2008,2008-09-28,HU,70,984.0
AL112008,KYLE,2008,2008-09-29,HU,65,985.0
AL152008,OMAR,2008,2008-10-15,HU,65,983.0
AL152008,OMAR,2008,2008-10-15,HU,70,985.0
AL152008,OMAR,2008,2008-10-15,HU,75,984.0
AL152008,OMAR,2008,2008-10-15,HU,80,977.0
AL152008,OMAR,2008,2008-10-16,HU,95,970.0
AL152008,OMAR,2008,2008-10-16,HU,115,958.0
AL152008,OMAR,2008,2008-10-16,HU,90,975.0
AL152008,OMAR,2008,2008-10-16,HU,70,985.0
AL152008,OMAR,2008,2008-10-17,HU,65,986.0
AL152008,OMAR,2008,2008-10-17,HU,70,984.0
AL152008,OMAR,2008,2008-10-17,HU,75,982.0
AL152008,OMAR,2008,2008-10-17,HU,65,985.0
AL172008,PALOMA,2008,2008-11-07,HU,65,987.0
AL172008,PALOMA,2008,2008-11-07,HU,65,985.0
AL172008,PALOMA,2008,2008-11-07,HU,75,979.0
AL172008,PALOMA,2008,2008-11-07,HU,80,975.0
AL172008,PALOMA,2008,2008-11-08,HU,100,964.0
AL172008,PALOMA,2008,2008-11-08,HU,110,951.0
AL172008,PALOMA,2008,2008-11-08,HU,125,944.0
AL172008,PALOMA,2008,2008-11-08,HU,125,951.0
AL172008,PALOMA,2008,2008-11-09,HU,90,968.0
AL172008,PALOMA,2008,2008-11-09,HU,85,970.0
AL032009,BILL,2009,2009-08-17,HU,65,987.0
AL032009,BILL,2009,2009-08-17,HU,75,977.0
AL032009,BILL,2009,2009-08-17,HU,80,970.0
AL032009,BILL,2009,2009-08-18,HU,85,967.0
AL032009,BILL,2009,2009-08-18,HU,90,965.0
AL032009,BILL,2009,2009-08-18,HU,95,963.0
AL032009,BILL,2009,2009-08-18,HU,100,962.0
AL032009,BILL,2009,2009-08-19,HU,105,955.0
AL032009,BILL,2009,2009-08-19,HU,115,954.0
AL032009,BILL,2009,2009-08-19,HU,115,949.0
AL032009,BILL,2009,2009-08-19,HU,115,947.0
AL032009,BILL,2009,2009-08-20,HU,115,945.0
AL032009,BILL,2009,2009-08-20,HU,115,949.0
AL032009,BILL,2009,2009-08-20,HU,105,952.0
AL032009,BILL,2009,2009-08-20,HU,110,948.0
AL032009,BILL,2009,2009-08-21,HU,110,943.0
AL032009,BILL,2009,2009-08-21,HU,105,951.0
AL032009,BILL,2009,2009-08-21,HU,100,954.0
AL032009,BILL,2009,2009-08-21,HU,95,956.0
AL032009,BILL,2009,2009-08-22,HU,90,957.0
AL032009,BILL,2009,2009-08-22,HU,90,960.0
AL032009,BILL,2009,2009-08-22,HU,85,961.0
AL032009,BILL,2009,2009-08-22,HU,80,961.0
AL032009,BILL,2009,2009-08-23,HU,80,961.0
AL032009,BILL,2009,2009-08-23,HU,75,962.0
AL032009,BILL,2009,2009-08-23,HU,70,965.0
AL032009,BILL,2009,2009-08-23,HU,65,970.0
AL032009,BILL,2009,2009-08-24,HU,65,973.0
AL072009,FRED,2009,2009-09-09,HU,70,983.0
AL072009,FRED,2009,2009-09-09,HU,90,970.0
AL072009,FRED,2009,2009-09-09,HU,105,958.0
AL072009,FRED,2009,2009-09-09,HU,100,960.0
AL072009,FRED,2009,2009-09-10,HU,95,965.0
AL072009,FRED,2009,2009-09-10,HU,90,970.0
AL072009,FRED,2009,2009-09-10,HU,85,974.0
AL072009,FRED,2009,2009-09-10,HU,80,975.0
AL072009,FRED,2009,2009-09-11,HU,80,975.0
AL072009,FRED,2009,2009-09-11,HU,75,980.0
AL072009,FRED,2009,2009-09-11,HU,65,987.0
AL112009,IDA,2009,2009-11-05,HU,65,987.0
AL112009,IDA,2009,2009-11-05,HU,70,985.0
AL112009,IDA,2009,2009-11-08,HU,70,987.0
AL112009,IDA,2009,2009-11-08,HU,80,984.0
AL112009,IDA,2009,2009-11-08,HU,85,983.0
AL112009,IDA,2009,2009-11-08,HU,85,975.0
AL112009,IDA,2009,2009-11-09,HU,90,979.0
AL112009,IDA,2009,2009-11-09,HU,80,988.0
AL112009,IDA,2009,2009-11-09,HU,65,990.0
AL112009,IDA,2009,2009-11-09,HU,75,990.0
AL012010,ALEX,2010,2010-06-30,HU,65,973.0
AL012010,ALEX,2010,2010-06-30,HU,70,966.0
AL012010,ALEX,2010,2010-06-30,HU,75,958.0
AL012010,ALEX,2010,2010-06-30,HU,75,958.0
AL012010,ALEX,2010,2010-06-30,HU,80,962.0
AL012010,ALEX,2010,2010-07-01,HU,90,948.0
AL012010,ALEX,2010,2010-07-01,HU,95,946.0
AL012010,ALEX,2010,2010-07-01,HU,75,963.0
AL062010,DANIELLE,2010,2010-08-23,HU,65,987.0
AL062010,DANIELLE,2010,2010-08-24,HU,75,982.0
AL062010,DANIELLE,2010,2010-08-24,HU,80,977.0
AL062010,DANIELLE,2010,2010-08-24,HU,70,984.0
AL062010,DANIELLE,2010,2010-08-24,HU,65,987.0
AL062010,DANIELLE,2010,2010-08-25,HU,70,984.0
AL062010,DANIELLE,2010,2010-08-25,HU,70,984.0
AL062010,DANIELLE,2010,2010-08-25,HU,70,984.0
AL062010,DANIELLE,2010,2010-08-25,HU,75,980.0
AL062010,DANIELLE,2010,2010-08-26,HU,80,977.0
AL062010,DANIELLE,2010,2010-08-26,HU,85,973.0
AL062010,DANIELLE,2010,2010-08-26,HU,85,973.0
AL062010,DANIELLE,2010,2010-08-26,HU,90,970.0
AL062010,DANIELLE,2010,2010-08-27,HU,95,966.0
AL062010,DANIELLE,2010,2010-08-27,HU,110,953.0
AL062010,DANIELLE,2010,2010-08-27,HU,110,948.0
AL062010,DANIELLE,2010,2010-08-27,HU,115,942.0
AL062010,DANIELLE,2010,2010-08-28,HU,105,946.0
AL062010,DANIELLE,2010,2010-08-28,HU,95,950.0
AL062010,DANIELLE,2010,2010-08-28,HU,95,952.0
AL062010,DANIELLE,2010,2010-08-28,HU,90,955.0
AL062010,DANIELLE,2010,2010-08-29,HU,85,958.0
AL062010,DANIELLE,2010,2010-08-29,HU,80,964.0
AL062010,DANIELLE,2010,2010-08-29,HU,75,966.0
AL062010,DANIELLE,2010,2010-08-29,HU,75,968.0
AL062010,DANIELLE,2010,2010-08-30,HU,70,969.0
AL062010,DANIELLE,2010,2010-08-30,HU,65,970.0
AL062010,DANIELLE,2010,2010-08-30,HU,65,970.0
AL072010,EARL,2010,2010-08-29,HU,65,985.0
AL072010,EARL,2010,2010-08-29,HU,75,978.0
AL072010,EARL,2010,2010-08-30,HU,85,971.0
AL072010,EARL,2010,2010-08-30,HU,95,967.0
AL072010,EARL,2010,2010-08-30,HU,105,965.0
AL072010,EARL,2010,2010-08-30,HU,115,954.0
AL072010,EARL,2010,2010-08-31,HU,115,938.0
AL072010,EARL,2010,2010-08-31,HU,115,931.0
AL072010,EARL,2010,2010-08-31,HU,115,935.0
AL072010,EARL,2010,2010-08-31,HU,115,940.0
AL072010,EARL,2010,2010-09-01,HU,110,940.0
AL072010,EARL,2010,2010-09-01,HU,105,941.0
AL072010,EARL,2010,2010-09-01,HU,110,942.0
AL072010,EARL,2010,2010-09-01,HU,115,941.0
AL072010,EARL,2010,2010-09-02,HU,120,932.0
AL072010,EARL,2010,2010-09-02,HU,125,927.0
AL072010,EARL,2010,2010-09-02,HU,115,935.0
AL072010,EARL,2010,2010-09-02,HU,100,943.0
AL072010,EARL,2010,2010-09-03,HU,90,949.0
AL072010,EARL,2010,2010-09-03,HU,85,955.0
AL072010,EARL,2010,2010-09-03,HU,75,959.0
AL072010,EARL,2010,2010-09-03,HU,70,960.0
AL072010,EARL,2010,2010-09-04,HU,65,961.0
AL072010,EARL,2010,2010-09-04,HU,65,962.0
AL072010,EARL,2010,2010-09-04,HU,65,965.0
AL112010,IGOR,2010,2010-09-12,HU,65,987.0
AL112010,IGOR,2010,2010-09-12,HU,70,985.0
AL112010,IGOR,2010,2010-09-12,HU,90,970.0
AL112010,IGOR,2010,2010-09-12,HU,115,948.0
AL112010,IGOR,2010,2010-09-13,HU,130,935.0
AL112010,IGOR,2010,2010-09-13,HU,130,935.0
AL112010,IGOR,2010,2010-09-13,HU,130,933.0
AL112010,IGOR,2010,2010-09-13,HU,125,937.0
AL112010,IGOR,2010,2010-09-14,HU,125,937.0
AL112010,IGOR,2010,2010-09-14,HU,115,945.0
AL112010,IGOR,2010,2010-09-14,HU,115,945.0
AL112010,IGOR,2010,2010-09-14,HU,125,933.0
AL112010,IGOR,2010,2010-09-15,HU,135,924.0
AL112010,IGOR,2010,2010-09-15,HU,125,935.0
AL112010,IGOR,2010,2010-09-15,HU,115,945.0
AL112010,IGOR,2010,2010-09-15,HU,115,942.0
AL112010,IGOR,2010,2010-09-16,HU,120,936.0
AL112010,IGOR,2010,2010-09-16,HU,125,929.0
AL112010,IGOR,2010,2010-09-16,HU,120,934.0
AL112010,IGOR,2010,2010-09-16,HU,115,940.0
AL112010,IGOR,2010,2010-09-17,HU,115,935.0
AL112010,IGOR,2010,2010-09-17,HU,110,935.0
AL112010,IGOR,2010,2010-09-17,HU,100,945.0
AL112010,IGOR,2010,2010-09-17,HU,90,947.0
AL112010,IGOR,2010,2010-09-18,HU,90,947.0
AL112010,IGOR,2010,2010-09-18,HU,85,939.0
AL112010,IGOR,2010,2010-09-18,HU,85,939.0
AL112010,IGOR,2010,2010-09-18,HU,80,945.0
AL112010,IGOR,2010,2010-09-19,HU,80,945.0
AL112010,IGOR,2010,2010-09-19,HU,75,949.0
AL112010,IGOR,2010,2010-09-19,HU,75,949.0
AL112010,IGOR,2010,2010-09-19,HU,70,952.0
AL112010,IGOR,2010,2010-09-20,HU,65,953.0
AL112010,IGOR,2010,2010-09-20,HU,65,957.0
AL112010,IGOR,2010,2010-09-20,HU,65,960.0
AL112010,IGOR,2010,2010-09-20,HU,65,960.0
AL112010,IGOR,2010,2010-09-21,HU,65,960.0
AL112010,IGOR,2010,2010-09-21,HU,65,960.0
AL112010,IGOR,2010,2010-09-21,HU,65,955.0
AL112010,IGOR,2010,2010-09-21,HU,75,950.0
AL122010,JULIA,2010,2010-09-14,HU,70,987.0
AL122010,JULIA,2010,2010-09-14,HU,80,979.0
AL122010,JULIA,2010,2010-09-15,HU,90,973.0
AL122010,JULIA,2010,2010-09-15,HU,110,956.0
AL122010,JULIA,2010,2010-09-15,HU,120,948.0
AL122010,JULIA,2010,2010-09-15,HU,115,951.0
AL122010,JULIA,2010,2010-09-16,HU,105,958.0
AL122010,JULIA,2010,2010-09-16,HU,100,962.0
AL122010,JULIA,2010,2010-09-16,HU,90,970.0
AL122010,JULIA,2010,2010-09-16,HU,80,977.0
AL122010,JULIA,2010,2010-09-17,HU,75,981.0
AL122010,JULIA,2010,2010-09-17,HU,75,981.0
AL122010,JULIA,2010,2010-09-17,HU,70,983.0
AL122010,JULIA,2010,2010-09-17,HU,65,986.0
AL132010,KARL,2010,2010-09-16,HU,70,982.0
AL132010,KARL,2010,2010-09-17,HU,85,971.0
AL132010,KARL,2010,2010-09-17,HU,95,966.0
AL132010,KARL,2010,2010-09-17,HU,110,956.0
AL132010,KARL,2010,2010-09-17,HU,110,970.0
AL132010,KARL,2010,2010-09-17,HU,100,976.0
AL132010,KARL,2010,2010-09-17,HU,90,979.0
AL142010,LISA,2010,2010-09-24,HU,65,988.0
AL142010,LISA,2010,2010-09-25,HU,75,982.0
AL142010,LISA,2010,2010-09-25,HU,70,986.0
AL172010,OTTO,2010,2010-10-08,HU,65,983.0
AL172010,OTTO,2010,2010-10-08,HU,70,980.0
AL172010,OTTO,2010,2010-10-09,HU,75,976.0
AL172010,OTTO,2010,2010-10-09,HU,75,978.0
AL172010,OTTO,2010,2010-10-09,HU,70,981.0
AL172010,OTTO,2010,2010-10-09,HU,65,985.0
AL182010,PAULA,2010,2010-10-12,HU,65,996.0
AL182010,PAULA,2010,2010-10-12,HU,65,991.0
AL182010,PAULA,2010,2010-10-12,HU,75,986.0
AL182010,PAULA,2010,2010-10-12,HU,90,981.0
AL182010,PAULA,2010,2010-10-13,HU,90,981.0
AL182010,PAULA,2010,2010-10-13,HU,85,984.0
AL182010,PAULA,2010,2010-10-13,HU,85,987.0
AL182010,PAULA,2010,2010-10-13,HU,75,990.0
AL182010,PAULA,2010,2010-10-14,HU,75,993.0
AL182010,PAULA,2010,2010-10-14,HU,70,995.0
AL192010,RICHARD,2010,2010-10-24,HU,65,992.0
AL192010,RICHARD,2010,2010-10-24,HU,75,990.0
AL192010,RICHARD,2010,2010-10-24,HU,80,984.0
AL192010,RICHARD,2010,2010-10-25,HU,85,977.0
AL192010,RICHARD,2010,2010-10-25,HU,85,977.0
AL192010,RICHARD,2010,2010-10-25,HU,65,988.0
AL202010,SHARY,2010,2010-10-30,HU,65,990.0
AL202010,SHARY,2010,2010-10-30,HU,65,989.0
AL202010,SHARY,2010,2010-10-30,HU,65,991.0
AL212010,TOMAS,2010,2010-10-30,HU,65,993.0
AL212010,TOMAS,2010,2010-10-30,HU,80,990.0
AL212010,TOMAS,2010,2010-10-30,HU,85,987.0
AL212010,TOMAS,2010,2010-10-31,HU,85,982.0
AL212010,TOMAS,2010,2010-10-31,HU,85,983.0
AL212010,TOMAS,2010,2010-10-31,HU,80,988.0
AL212010,TOMAS,2010,2010-10-31,HU,65,994.0
AL212010,TOMAS,2010,2010-11-05,HU,70,985.0
AL212010,TOMAS,2010,2010-11-05,HU,75,987.0
AL212010,TOMAS,2010,2010-11-05,HU,70,992.0
AL212010,TOMAS,2010,2010-11-06,HU,65,988.0
AL212010,TOMAS,2010,2010-11-07,HU,70,987.0
AL212010,TOMAS,2010,2010-11-07,HU,65,990.0
AL092011,IRENE,2011,2011-08-22,HU,65,990.0
AL092011,IRENE,2011,2011-08-22,HU,70,989.0
AL092011,IRENE,2011,2011-08-22,HU,75,988.0
AL092011,IRENE,2011,2011-08-23,HU,80,981.0
AL092011,IRENE,2011,2011-08-23,HU,80,978.0
AL092011,IRENE,2011,2011-08-23,HU,80,978.0
AL092011,IRENE,2011,2011-08-23,HU,80,977.0
AL092011,IRENE,2011,2011-08-24,HU,80,969.0
AL092011,IRENE,2011,2011-08-24,HU,95,965.0
AL092011,IRENE,2011,2011-08-24,HU,105,957.0
AL092011,IRENE,2011,2011-08-24,HU,100,955.0
AL092011,IRENE,2011,2011-08-24,HU,100,954.0
AL092011,IRENE,2011,2011-08-25,HU,95,952.0
AL092011,IRENE,2011,2011-08-25,HU,95,950.0
AL092011,IRENE,2011,2011-08-25,HU,90,950.0
AL092011,IRENE,2011,2011-08-25,HU,90,950.0
AL092011,IRENE,2011,2011-08-25,HU,90,950.0
AL092011,IRENE,2011,2011-08-26,HU,90,946.0
AL092011,IRENE,2011,2011-08-26,HU,90,942.0
AL092011,IRENE,2011,2011-08-26,HU,85,947.0
AL092011,IRENE,2011,2011-08-26,HU,80,950.0
AL092011,IRENE,2011,2011-08-27,HU,75,952.0
AL092011,IRENE,2011,2011-08-27,HU,75,952.0
AL092011,IRENE,2011,2011-08-27,HU,75,952.0
AL092011,IRENE,2011,2011-08-27,HU,65,950.0
AL092011,IRENE,2011,2011-08-28,HU,65,951.0
AL092011,IRENE,2011,2011-08-28,HU,65,958.0
AL122011,KATIA,2011,2011-09-01,HU,65,988.0
AL122011,KATIA,2011,2011-09-01,HU,65,988.0
AL122011,KATIA,2011,2011-09-01,HU,65,988.0
AL122011,KATIA,2011,2011-09-01,HU,65,988.0
AL122011,KATIA,2011,2011-09-02,HU,65,988.0
AL122011,KATIA,2011,2011-09-02,HU,65,988.0
AL122011,KATIA,2011,2011-09-02,HU,65,987.0
AL122011,KATIA,2011,2011-09-02,HU,65,987.0
AL122011,KATIA,2011,2011-09-03,HU,65,987.0
AL122011,KATIA,2011,2011-09-03,HU,65,987.0
AL122011,KATIA,2011,2011-09-03,HU,65,986.0
AL122011,KATIA,2011,2011-09-03,HU,65,982.0
AL122011,KATIA,2011,2011-09-04,HU,70,978.0
AL122011,KATIA,2011,2011-09-04,HU,75,969.0
AL122011,KATIA,2011,2011-09-04,HU,85,961.0
AL122011,KATIA,2011,2011-09-04,HU,90,959.0
AL122011,KATIA,2011,2011-09-05,HU,90,957.0
AL122011,KATIA,2011,2011-09-05,HU,95,954.0
AL122011,KATIA,2011,2011-09-05,HU,100,950.0
AL122011,KATIA,2011,2011-09-05,HU,110,946.0
AL122011,KATIA,2011,2011-09-06,HU,120,942.0
AL122011,KATIA,2011,2011-09-06,HU,115,946.0
AL122011,KATIA,2011,2011-09-06,HU,105,954.0
AL122011,KATIA,2011,2011-09-06,HU,95,959.0
AL122011,KATIA,2011,2011-09-07,HU,85,964.0
AL122011,KATIA,2011,2011-09-07,HU,85,967.0
AL122011,KATIA,2011,2011-09-07,HU,80,969.0
AL122011,KATIA,2011,2011-09-07,HU,80,969.0
AL122011,KATIA,2011,2011-09-08,HU,80,968.0
AL122011,KATIA,2011,2011-09-08,HU,80,967.0
AL122011,KATIA,2011,2011-09-08,HU,80,966.0
AL122011,KATIA,2011,2011-09-08,HU,80,965.0
AL122011,KATIA,2011,2011-09-09,HU,80,964.0
AL122011,KATIA,2011,2011-09-09,HU,75,963.0
AL122011,KATIA,2011,2011-09-09,HU,75,961.0
AL122011,KATIA,2011,2011-09-09,HU,75,960.0
AL122011,KATIA,2011,2011-09-10,HU,75,958.0
AL122011,KATIA,2011,2011-09-10,HU,75,956.0
AL142011,MARIA,2011,2011-09-15,HU,65,987.0
AL142011,MARIA,2011,2011-09-16,HU,70,984.0
AL142011,MARIA,2011,2011-09-16,HU,70,983.0
AL142011,MARIA,2011,2011-09-16,HU,65,983.0
AL152011,NATE,2011,2011-09-08,HU,65,995.0
AL152011,NATE,2011,2011-09-09,HU,65,994.0
AL162011,OPHELIA,2011,2011-09-29,HU,65,987.0
AL162011,OPHELIA,2011,2011-09-30,HU,70,982.0
AL162011,OPHELIA,2011,2011-09-30,HU,85,971.0
AL162011,OPHELIA,2011,2011-09-30,HU,95,966.0
AL162011,OPHELIA,2011,2011-09-30,HU,100,959.0
AL162011,OPHELIA,2011,2011-10-01,HU,105,955.0
AL162011,OPHELIA,2011,2011-10-01,HU,105,951.0
AL162011,OPHELIA,2011,2011-10-01,HU,105,948.0
AL162011,OPHELIA,2011,2011-10-01,HU,110,946.0
AL162011,OPHELIA,2011,2011-10-02,HU,120,940.0
AL162011,OPHELIA,2011,2011-10-02,HU,110,945.0
AL162011,OPHELIA,2011,2011-10-02,HU,105,951.0
AL162011,OPHELIA,2011,2011-10-02,HU,90,960.0
AL162011,OPHELIA,2011,2011-10-03,HU,70,972.0
AL172011,PHILIPPE,2011,2011-10-04,HU,65,992.0
AL172011,PHILIPPE,2011,2011-10-04,HU,65,992.0
AL172011,PHILIPPE,2011,2011-10-06,HU,65,987.0
AL172011,PHILIPPE,2011,2011-10-06,HU,70,983.0
AL172011,PHILIPPE,2011,2011-10-06,HU,80,977.0
AL172011,PHILIPPE,2011,2011-10-07,HU,80,976.0
AL172011,PHILIPPE,2011,2011-10-07,HU,80,976.0
AL172011,PHILIPPE,2011,2011-10-07,HU,80,977.0
AL172011,PHILIPPE,2011,2011-10-07,HU,70,981.0
AL172011,PHILIPPE,2011,2011-10-08,HU,65,986.0
AL182011,RINA,2011,2011-10-24,HU,65,991.0
AL182011,RINA,2011,2011-10-25,HU,75,982.0
AL182011,RINA,2011,2011-10-25,HU,90,976.0
AL182011,RINA,2011,2011-10-25,HU,95,972.0
AL182011,RINA,2011,2011-10-25,HU,100,971.0
AL182011,RINA,2011,2011-10-26,HU,100,966.0
AL182011,RINA,2011,2011-10-26,HU,100,969.0
AL182011,RINA,2011,2011-10-26,HU,85,973.0
AL182011,RINA,2011,2011-10-26,HU,80,976.0
AL182011,RINA,2011,2011-10-27,HU,80,978.0
AL182011,RINA,2011,2011-10-27,HU,65,987.0
AL032012,CHRIS,2012,2012-06-21,HU,70,982.0
AL032012,CHRIS,2012,2012-06-21,HU,75,974.0
AL032012,CHRIS,2012,2012-06-21,HU,70,975.0
AL052012,ERNESTO,2012,2012-08-07,HU,65,988.0
AL052012,ERNESTO,2012,2012-08-07,HU,75,983.0
AL052012,ERNESTO,2012,2012-08-08,HU,80,979.0
AL052012,ERNESTO,2012,2012-08-08,HU,80,977.0
AL052012,ERNESTO,2012,2012-08-08,HU,85,973.0
AL052012,ERNESTO,2012,2012-08-08,HU,80,973.0
AL082012,GORDON,2012,2012-08-18,HU,65,987.0
AL082012,GORDON,2012,2012-08-18,HU,75,979.0
AL082012,GORDON,2012,2012-08-18,HU,90,969.0
AL082012,GORDON,2012,2012-08-19,HU,95,965.0
AL082012,GORDON,2012,2012-08-19,HU,90,969.0
AL082012,GORDON,2012,2012-08-19,HU,90,969.0
AL082012,GORDON,2012,2012-08-19,HU,80,977.0
AL082012,GORDON,2012,2012-08-20,HU,70,981.0
AL082012,GORDON,2012,2012-08-20,HU,65,984.0
AL082012,GORDON,2012,2012-08-20,HU,65,984.0
AL092012,ISAAC,2012,2012-08-28,HU,65,975.0
AL092012,ISAAC,2012,2012-08-28,HU,70,972.0
AL092012,ISAAC,2012,2012-08-29,HU,70,967.0
AL092012,ISAAC,2012,2012-08-29,HU,70,965.0
AL092012,ISAAC,2012,2012-08-29,HU,70,966.0
AL092012,ISAAC,2012,2012-08-29,HU,70,966.0
AL092012,ISAAC,2012,2012-08-29,HU,65,968.0
AL112012,KIRK,2012,2012-08-30,HU,65,989.0
AL112012,KIRK,2012,2012-08-30,HU,75,985.0
AL112012,KIRK,2012,2012-08-31,HU,80,981.0
AL112012,KIRK,2012,2012-08-31,HU,90,970.0
AL112012,KIRK,2012,2012-08-31,HU,90,972.0
AL112012,KIRK,2012,2012-08-31,HU,80,980.0
AL112012,KIRK,2012,2012-09-01,HU,70,988.0
AL112012,KIRK,2012,2012-09-01,HU,65,990.0
AL122012,LESLIE,2012,2012-09-05,HU,65,985.0
AL122012,LESLIE,2012,2012-09-05,HU,70,982.0
AL122012,LESLIE,2012,2012-09-05,HU,70,982.0
AL122012,LESLIE,2012,2012-09-06,HU,65,984.0
AL122012,LESLIE,2012,2012-09-06,HU,65,984.0
AL122012,LESLIE,2012,2012-09-06,HU,65,983.0
AL122012,LESLIE,2012,2012-09-06,HU,65,982.0
AL122012,LESLIE,2012,2012-09-07,HU,65,982.0
AL122012,LESLIE,2012,2012-09-07,HU,65,982.0
AL122012,LESLIE,2012,2012-09-10,HU,65,980.0
AL122012,LESLIE,2012,2012-09-10,HU,65,975.0
AL122012,LESLIE,2012,2012-09-11,HU,65,970.0
AL122012,LESLIE,2012,2012-09-11,HU,65,968.0
AL132012,MICHAEL,2012,2012-09-05,HU,65,992.0
AL132012,MICHAEL,2012,2012-09-06,HU,80,981.0
AL132012,MICHAEL,2012,2012-09-06,HU,95,968.0
AL132012,MICHAEL,2012,2012-09-06,HU,100,964.0
AL132012,MICHAEL,2012,2012-09-06,HU,95,968.0
AL132012,MICHAEL,2012,2012-09-07,HU,90,970.0
AL132012,MICHAEL,2012,2012-09-07,HU,90,970.0
AL132012,MICHAEL,2012,2012-09-07,HU,90,970.0
AL132012,MICHAEL,2012,2012-09-07,HU,85,973.0
AL132012,MICHAEL,2012,2012-09-08,HU,80,977.0
AL132012,MICHAEL,2012,2012-09-08,HU,80,978.0
AL132012,MICHAEL,2012,2012-09-08,HU,85,975.0
AL132012,MICHAEL,2012,2012-09-08,HU,90,972.0
AL132012,MICHAEL,2012,2012-09-09,HU,90,973.0
AL132012,MICHAEL,2012,2012-09-09,HU,85,976.0
AL132012,MICHAEL,2012,2012-09-09,HU,85,976.0
AL132012,MICHAEL,2012,2012-09-09,HU,80,979.0
AL132012,MICHAEL,2012,2012-09-10,HU,75,982.0
AL132012,MICHAEL,2012,2012-09-10,HU,70,985.0
AL132012,MICHAEL,2012,2012-09-10,HU,70,986.0
AL132012,MICHAEL,2012,2012-09-10,HU,65,988.0
AL142012,NADINE,2012,2012-09-14,HU,65,984.0
AL142012,NADINE,2012,2012-09-15,HU,70,981.0
AL142012,NADINE,2012,2012-09-15,HU,70,980.0
AL142012,NADINE,2012,2012-09-15,HU,70,980.0
AL142012,NADINE,2012,2012-09-15,HU,70,980.0
AL142012,NADINE,2012,2012-09-16,HU,70,981.0
AL142012,NADINE,2012,2012-09-16,HU,65,984.0
AL142012,NADINE,2012,2012-09-16,HU,65,985.0
AL142012,NADINE,2012,2012-09-16,HU,65,985.0
AL142012,NADINE,2012,2012-09-28,HU,65,988.0
AL142012,NADINE,2012,2012-09-28,HU,65,988.0
AL142012,NADINE,2012,2012-09-29,HU,65,988.0
AL142012,NADINE,2012,2012-09-29,HU,65,988.0
AL142012,NADINE,2012,2012-09-29,HU,65,988.0
AL142012,NADINE,2012,2012-09-29,HU,70,986.0
AL142012,NADINE,2012,2012-09-30,HU,75,983.0
AL142012,NADINE,2012,2012-09-30,HU,75,982.0
AL142012,NADINE,2012,2012-09-30,HU,80,978.0
AL142012,NADINE,2012,2012-09-30,HU,80,978.0
AL142012,NADINE,2012,2012-10-01,HU,75,980.0
AL142012,NADINE,2012,2012-10-01,HU,65,988.0
AL172012,RAFAEL,2012,2012-10-15,HU,65,986.0
AL172012,RAFAEL,2012,2012-10-15,HU,70,983.0
AL172012,RAFAEL,2012,2012-10-15,HU,75,979.0
AL172012,RAFAEL,2012,2012-10-16,HU,80,974.0
AL172012,RAFAEL,2012,2012-10-16,HU,80,972.0
AL172012,RAFAEL,2012,2012-10-16,HU,80,969.0
AL172012,RAFAEL,2012,2012-10-16,HU,75,970.0
AL172012,RAFAEL,2012,2012-10-17,HU,75,970.0
AL172012,RAFAEL,2012,2012-10-17,HU,70,972.0
AL172012,RAFAEL,2012,2012-10-17,HU,65,972.0
AL182012,SANDY,2012,2012-10-24,HU,65,981.0
AL182012,SANDY,2012,2012-10-24,HU,75,972.0
AL182012,SANDY,2012,2012-10-24,HU,75,971.0
AL182012,SANDY,2012,2012-10-25,HU,85,964.0
AL182012,SANDY,2012,2012-10-25,HU,100,954.0
AL182012,SANDY,2012,2012-10-25,HU,100,954.0
AL182012,SANDY,2012,2012-10-25,HU,95,960.0
AL182012,SANDY,2012,2012-10-25,HU,95,966.0
AL182012,SANDY,2012,2012-10-25,HU,90,963.0
AL182012,SANDY,2012,2012-10-26,HU,75,965.0
AL182012,SANDY,2012,2012-10-26,HU,70,968.0
AL182012,SANDY,2012,2012-10-26,HU,65,970.0
AL182012,SANDY,2012,2012-10-26,HU,65,971.0
AL182012,SANDY,2012,2012-10-27,HU,70,956.0
AL182012,SANDY,2012,2012-10-27,HU,70,960.0
AL182012,SANDY,2012,2012-10-28,HU,65,960.0
AL182012,SANDY,2012,2012-10-28,HU,65,959.0
AL182012,SANDY,2012,2012-10-28,HU,65,954.0
AL182012,SANDY,2012,2012-10-28,HU,65,952.0
AL182012,SANDY,2012,2012-10-29,HU,70,950.0
AL182012,SANDY,2012,2012-10-29,HU,80,947.0
AL182012,SANDY,2012,2012-10-29,HU,85,945.0
AL182012,SANDY,2012,2012-10-29,HU,80,940.0
AL092013,HUMBERTO,2013,2013-09-11,HU,70,987.0
AL092013,HUMBERTO,2013,2013-09-11,HU,80,979.0
AL092013,HUMBERTO,2013,2013-09-12,HU,80,979.0
AL092013,HUMBERTO,2013,2013-09-12,HU,80,979.0
AL092013,HUMBERTO,2013,2013-09-12,HU,75,980.0
AL092013,HUMBERTO,2013,2013-09-12,HU,75,980.0
AL092013,HUMBERTO,2013,2013-09-13,HU,70,982.0
AL102013,INGRID,2013,2013-09-14,HU,65,986.0
AL102013,INGRID,2013,2013-09-15,HU,75,983.0
AL102013,INGRID,2013,2013-09-15,HU,75,985.0
AL102013,INGRID,2013,2013-09-15,HU,65,989.0
AL102013,INGRID,2013,2013-09-15,HU,65,987.0
AL102013,INGRID,2013,2013-09-16,HU,70,989.0
AL012014,ARTHUR,2014,2014-07-03,HU,65,987.0
AL012014,ARTHUR,2014,2014-07-03,HU,70,984.0
AL012014,ARTHUR,2014,2014-07-03,HU,80,981.0
AL012014,ARTHUR,2014,2014-07-03,HU,80,978.0
AL012014,ARTHUR,2014,2014-07-04,HU,85,975.0
AL012014,ARTHUR,2014,2014-07-04,HU,85,974.0
AL012014,ARTHUR,2014,2014-07-04,HU,85,973.0
AL012014,ARTHUR,2014,2014-07-04,HU,85,973.0
AL012014,ARTHUR,2014,2014-07-04,HU,80,976.0
AL012014,ARTHUR,2014,2014-07-04,HU,70,978.0
AL012014,ARTHUR,2014,2014-07-05,HU,65,976.0
AL032014,BERTHA,2014,2014-08-04,HU,70,998.0
AL032014,BERTHA,2014,2014-08-04,HU,70,999.0
AL032014,BERTHA,2014,2014-08-05,HU,65,1001.0
AL042014,CRISTOBAL,2014,2014-08-26,HU,65,989.0
AL042014,CRISTOBAL,2014,2014-08-26,HU,65,989.0
AL042014,CRISTOBAL,2014,2014-08-26,HU,65,988.0
AL042014,CRISTOBAL,2014,2014-08-26,HU,65,987.0
AL042014,CRISTOBAL,2014,2014-08-27,HU,70,983.0
AL042014,CRISTOBAL,2014,2014-08-27,HU,70,983.0
AL042014,CRISTOBAL,2014,2014-08-27,HU,70,983.0
AL042014,CRISTOBAL,2014,2014-08-27,HU,65,984.0
AL042014,CRISTOBAL,2014,2014-08-28,HU,65,984.0
AL042014,CRISTOBAL,2014,2014-08-28,HU,65,982.0
AL042014,CRISTOBAL,2014,2014-08-28,HU,70,979.0
AL042014,CRISTOBAL,2014,2014-08-28,HU,75,971.0
AL042014,CRISTOBAL,2014,2014-08-29,HU,75,965.0
AL042014,CRISTOBAL,2014,2014-08-29,HU,70,967.0
AL062014,EDOUARD,2014,2014-09-14,HU,70,985.0
AL062014,EDOUARD,2014,2014-09-14,HU,75,980.0
AL062014,EDOUARD,2014,2014-09-15,HU,80,975.0
AL062014,EDOUARD,2014,2014-09-15,HU,85,970.0
AL062014,EDOUARD,2014,2014-09-15,HU,90,966.0
AL062014,EDOUARD,2014,2014-09-15,HU,95,962.0
AL062014,EDOUARD,2014,2014-09-16,HU,95,960.0
AL062014,EDOUARD,2014,2014-09-16,HU,100,956.0
AL062014,EDOUARD,2014,2014-09-16,HU,105,955.0
AL062014,EDOUARD,2014,2014-09-16,HU,95,958.0
AL062014,EDOUARD,2014,2014-09-17,HU,85,959.0
AL062014,EDOUARD,2014,2014-09-17,HU,85,958.0
AL062014,EDOUARD,2014,2014-09-17,HU,80,957.0
AL062014,EDOUARD,2014,2014-09-17,HU,80,955.0
AL062014,EDOUARD,2014,2014-09-18,HU,75,958.0
AL062014,EDOUARD,2014,2014-09-18,HU,70,964.0
AL062014,EDOUARD,2014,2014-09-18,HU,70,969.0
AL062014,EDOUARD,2014,2014-09-18,HU,65,973.0
AL072014,FAY,2014,2014-10-12,HU,65,985.0
AL072014,FAY,2014,2014-10-12,HU,70,984.0
AL072014,FAY,2014,2014-10-12,HU,70,983.0
AL082014,GONZALO,2014,2014-10-13,HU,65,992.0
AL082014,GONZALO,2014,2014-10-13,HU,65,990.0
AL082014,GONZALO,2014,2014-10-13,HU,70,988.0
AL082014,GONZALO,2014,2014-10-13,HU,75,984.0
AL082014,GONZALO,2014,2014-10-13,HU,75,984.0
AL082014,GONZALO,2014,2014-10-14,HU,80,983.0
AL082014,GONZALO,2014,2014-10-14,HU,90,976.0
AL082014,GONZALO,2014,2014-10-14,HU,95,973.0
AL082014,GONZALO,2014,2014-10-14,HU,100,968.0
AL082014,GONZALO,2014,2014-10-15,HU,115,956.0
AL082014,GONZALO,2014,2014-10-15,HU,115,953.0
AL082014,GONZALO,2014,2014-10-15,HU,115,949.0
AL082014,GONZALO,2014,2014-10-15,HU,110,953.0
AL082014,GONZALO,2014,2014-10-16,HU,110,953.0
AL082014,GONZALO,2014,2014-10-16,HU,115,948.0
AL082014,GONZALO,2014,2014-10-16,HU,125,940.0
AL082014,GONZALO,2014,2014-10-16,HU,125,942.0
AL082014,GONZALO,2014,2014-10-17,HU,120,942.0
AL082014,GONZALO,2014,2014-10-17,HU,115,945.0
AL082014,GONZALO,2014,2014-10-17,HU,110,947.0
AL082014,GONZALO,2014,2014-10-17,HU,105,949.0
AL082014,GONZALO,2014,2014-10-18,HU,95,952.0
AL082014,GONZALO,2014,2014-10-18,HU,95,952.0
AL082014,GONZALO,2014,2014-10-18,HU,90,955.0
AL082014,GONZALO,2014,2014-10-18,HU,85,960.0
AL082014,GONZALO,2014,2014-10-18,HU,85,964.0
AL082014,GONZALO,2014,2014-10-19,HU,85,965.0
AL082014,GONZALO,2014,2014-10-19,HU,80,968.0
AL082014,GONZALO,2014,2014-10-19,HU,70,970.0
AL042015,DANNY,2015,2015-08-20,HU,65,995.0
AL042015,DANNY,2015,2015-08-20,HU,75,990.0
AL042015,DANNY,2015,2015-08-21,HU,85,981.0
AL042015,DANNY,2015,2015-08-21,HU,95,973.0
AL042015,DANNY,2015,2015-08-21,HU,110,960.0
AL042015,DANNY,2015,2015-08-21,HU,105,966.0
AL042015,DANNY,2015,2015-08-22,HU,95,973.0
AL042015,DANNY,2015,2015-08-22,HU,85,980.0
AL042015,DANNY,2015,2015-08-22,HU,75,985.0
AL042015,DANNY,2015,2015-08-22,HU,65,990.0
AL062015,FRED,2015,2015-08-31,HU,65,992.0
AL062015,FRED,2015,2015-08-31,HU,70,989.0
AL062015,FRED,2015,2015-08-31,HU,75,986.0
AL062015,FRED,2015,2015-08-31,HU,70,988.0
AL062015,FRED,2015,2015-09-01,HU,65,991.0
AL112015,JOAQUIN,2015,2015-09-30,HU,65,978.0
AL112015,JOAQUIN,2015,2015-09-30,HU,70,971.0
AL112015,JOAQUIN,2015,2015-09-30,HU,80,961.0
AL112015,JOAQUIN,2015,2015-10-01,HU,100,951.0
AL112015,JOAQUIN,2015,2015-10-01,HU,110,947.0
AL112015,JOAQUIN,2015,2015-10-01,HU,115,942.0
AL112015,JOAQUIN,2015,2015-10-01,HU,115,936.0
AL112015,JOAQUIN,2015,2015-10-02,HU,120,931.0
AL112015,JOAQUIN,2015,2015-10-02,HU,120,935.0
AL112015,JOAQUIN,2015,2015-10-02,HU,115,937.0
AL112015,JOAQUIN,2015,2015-10-02,HU,110,940.0
AL112015,JOAQUIN,2015,2015-10-02,HU,110,941.0
AL112015,JOAQUIN,2015,2015-10-02,HU,110,942.0
AL112015,JOAQUIN,2015,2015-10-03,HU,115,943.0
AL112015,JOAQUIN,2015,2015-10-03,HU,120,945.0
AL112015,JOAQUIN,2015,2015-10-03,HU,135,934.0
AL112015,JOAQUIN,2015,2015-10-03,HU,130,934.0
AL112015,JOAQUIN,2015,2015-10-04,HU,115,941.0
AL112015,JOAQUIN,2015,2015-10-04,HU,105,949.0
AL112015,JOAQUIN,2015,2015-10-04,HU,95,956.0
AL112015,JOAQUIN,2015,2015-10-04,HU,85,958.0
AL112015,JOAQUIN,2015,2015-10-05,HU,75,961.0
AL112015,JOAQUIN,2015,2015-10-05,HU,75,964.0
AL112015,JOAQUIN,2015,2015-10-05,HU,75,964.0
AL112015,JOAQUIN,2015,2015-10-05,HU,75,964.0
AL112015,JOAQUIN,2015,2015-10-06,HU,75,967.0
AL112015,JOAQUIN,2015,2015-10-06,HU,75,970.0
AL112015,JOAQUIN,2015,2015-10-06,HU,70,974.0
AL112015,JOAQUIN,2015,2015-10-06,HU,70,974.0
AL112015,JOAQUIN,2015,2015-10-07,HU,70,974.0
AL112015,JOAQUIN,2015,2015-10-07,HU,65,977.0
AL122015,KATE,2015,2015-11-11,HU,65,990.0
AL122015,KATE,2015,2015-11-11,HU,70,985.0
AL122015,KATE,2015,2015-11-11,HU,75,980.0
AL122015,KATE,2015,2015-11-11,HU,65,980.0
AL012016,ALEX,2016,2016-01-14,HU,65,985.0
AL012016,ALEX,2016,2016-01-14,HU,75,981.0
AL012016,ALEX,2016,2016-01-14,HU,75,981.0
AL012016,ALEX,2016,2016-01-15,HU,70,984.0
AL012016,ALEX,2016,2016-01-15,HU,65,986.0
AL052016,EARL,2016,2016-08-03,HU,65,988.0
AL052016,EARL,2016,2016-08-04,HU,70,984.0
AL052016,EARL,2016,2016-08-04,HU,75,979.0
AL052016,EARL,2016,2016-08-04,HU,75,979.0
AL072016,GASTON,2016,2016-08-24,HU,65,992.0
AL072016,GASTON,2016,2016-08-24,HU,65,988.0
AL072016,GASTON,2016,2016-08-25,HU,65,988.0
AL072016,GASTON,2016,2016-08-25,HU,65,988.0
AL072016,GASTON,2016,2016-08-27,HU,65,989.0
AL072016,GASTON,2016,2016-08-28,HU,75,980.0
AL072016,GASTON,2016,2016-08-28,HU,80,976.0
AL072016,GASTON,2016,2016-08-28,HU,90,969.0
AL072016,GASTON,2016,2016-08-28,HU,100,962.0
AL072016,GASTON,2016,2016-08-29,HU,105,955.0
AL072016,GASTON,2016,2016-08-29,HU,100,960.0
AL072016,GASTON,2016,2016-08-29,HU,95,964.0
AL072016,GASTON,2016,2016-08-29,HU,90,967.0
AL072016,GASTON,2016,2016-08-30,HU,85,970.0
AL072016,GASTON,2016,2016-08-30,HU,85,970.0
AL072016,GASTON,2016,2016-08-30,HU,85,968.0
AL072016,GASTON,2016,2016-08-30,HU,95,963.0
AL072016,GASTON,2016,2016-08-31,HU,105,955.0
AL072016,GASTON,2016,2016-08-31,HU,105,955.0
AL072016,GASTON,2016,2016-08-31,HU,100,960.0
AL072016,GASTON,2016,2016-08-31,HU,95,965.0
AL072016,GASTON,2016,2016-09-01,HU,90,969.0
AL072016,GASTON,2016,2016-09-01,HU,85,973.0
AL072016,GASTON,2016,2016-09-01,HU,80,976.0
AL072016,GASTON,2016,2016-09-01,HU,75,981.0
AL072016,GASTON,2016,2016-09-02,HU,70,985.0
AL072016,GASTON,2016,2016-09-02,HU,65,988.0
AL092016,HERMINE,2016,2016-09-01,HU,65,988.0
AL092016,HERMINE,2016,2016-09-02,HU,70,983.0
AL092016,HERMINE,2016,2016-09-02,HU,70,981.0
AL092016,HERMINE,2016,2016-09-02,HU,65,982.0
AL142016,MATTHEW,2016,2016-09-29,HU,65,993.0
AL142016,MATTHEW,2016,2016-09-30,HU,70,987.0
AL142016,MATTHEW,2016,2016-09-30,HU,85,979.0
AL142016,MATTHEW,2016,2016-09-30,HU,100,968.0
AL142016,MATTHEW,2016,2016-09-30,HU,120,955.0
AL142016,MATTHEW,2016,2016-10-01,HU,145,942.0
AL142016,MATTHEW,2016,2016-10-01,HU,140,942.0
AL142016,MATTHEW,2016,2016-10-01,HU,135,944.0
AL142016,MATTHEW,2016,2016-10-01,HU,130,942.0
AL142016,MATTHEW,2016,2016-10-02,HU,130,940.0
AL142016,MATTHEW,2016,2016-10-02,HU,125,941.0
AL142016,MATTHEW,2016,2016-10-02,HU,130,947.0
AL142016,MATTHEW,2016,2016-10-02,HU,135,945.0
AL142016,MATTHEW,2016,2016-10-03,HU,130,944.0
AL142016,MATTHEW,2016,2016-10-03,HU,125,942.0
AL142016,MATTHEW,2016,2016-10-03,HU,125,941.0
AL142016,MATTHEW,2016,2016-10-03,HU,125,938.0
AL142016,MATTHEW,2016,2016-10-04,HU,130,934.0
AL142016,MATTHEW,2016,2016-10-04,HU,130,934.0
AL142016,MATTHEW,2016,2016-10-04,HU,130,935.0
AL142016,MATTHEW,2016,2016-10-04,HU,125,937.0
AL142016,MATTHEW,2016,2016-10-04,HU,120,947.0
AL142016,MATTHEW,2016,2016-10-05,HU,115,949.0
AL142016,MATTHEW,2016,2016-10-05,HU,110,960.0
AL142016,MATTHEW,2016,2016-10-05,HU,105,962.0
AL142016,MATTHEW,2016,2016-10-05,HU,105,963.0
AL142016,MATTHEW,2016,2016-10-06,HU,105,960.0
AL142016,MATTHEW,2016,2016-10-06,HU,110,952.0
AL142016,MATTHEW,2016,2016-10-06,HU,120,937.0
AL142016,MATTHEW,2016,2016-10-06,HU,120,937.0
AL142016,MATTHEW,2016,2016-10-07,HU,115,937.0
AL142016,MATTHEW,2016,2016-10-07,HU,110,939.0
AL142016,MATTHEW,2016,2016-10-07,HU,105,944.0
AL142016,MATTHEW,2016,2016-10-07,HU,100,946.0
AL142016,MATTHEW,2016,2016-10-08,HU,95,949.0
AL142016,MATTHEW,2016,2016-10-08,HU,85,953.0
AL142016,MATTHEW,2016,2016-10-08,HU,85,957.0
AL142016,MATTHEW,2016,2016-10-08,HU,80,963.0
AL142016,MATTHEW,2016,2016-10-08,HU,75,967.0
AL142016,MATTHEW,2016,2016-10-08,HU,70,973.0
AL142016,MATTHEW,2016,2016-10-09,HU,70,981.0
AL142016,MATTHEW,2016,2016-10-09,HU,70,983.0
AL152016,NICOLE,2016,2016-10-06,HU,75,980.0
AL152016,NICOLE,2016,2016-10-07,HU,90,969.0
AL152016,NICOLE,2016,2016-10-07,HU,75,970.0
AL152016,NICOLE,2016,2016-10-11,HU,70,980.0
AL152016,NICOLE,2016,2016-10-12,HU,75,976.0
AL152016,NICOLE,2016,2016-10-12,HU,85,973.0
AL152016,NICOLE,2016,2016-10-12,HU,95,969.0
AL152016,NICOLE,2016,2016-10-12,HU,105,962.0
AL152016,NICOLE,2016,2016-10-13,HU,115,954.0
AL152016,NICOLE,2016,2016-10-13,HU,120,950.0
AL152016,NICOLE,2016,2016-10-13,HU,110,956.0
AL152016,NICOLE,2016,2016-10-13,HU,105,959.0
AL152016,NICOLE,2016,2016-10-13,HU,95,962.0
AL152016,NICOLE,2016,2016-10-14,HU,85,967.0
AL152016,NICOLE,2016,2016-10-14,HU,75,972.0
AL152016,NICOLE,2016,2016-10-14,HU,70,975.0
AL152016,NICOLE,2016,2016-10-14,HU,65,977.0
AL152016,NICOLE,2016,2016-10-15,HU,65,974.0
AL152016,NICOLE,2016,2016-10-15,HU,75,965.0
AL152016,NICOLE,2016,2016-10-15,HU,75,960.0
AL152016,NICOLE,2016,2016-10-15,HU,75,961.0
AL152016,NICOLE,2016,2016-10-16,HU,75,961.0
AL152016,NICOLE,2016,2016-10-16,HU,70,962.0
AL152016,NICOLE,2016,2016-10-16,HU,70,963.0
AL152016,NICOLE,2016,2016-10-16,HU,65,964.0
AL152016,NICOLE,2016,2016-10-17,HU,65,965.0
AL152016,NICOLE,2016,2016-10-17,HU,65,965.0
AL152016,NICOLE,2016,2016-10-17,HU,65,966.0
AL152016,NICOLE,2016,2016-10-17,HU,65,966.0
AL162016,OTTO,2016,2016-11-23,HU,65,990.0
AL162016,OTTO,2016,2016-11-24,HU,80,980.0
AL162016,OTTO,2016,2016-11-24,HU,90,978.0
AL162016,OTTO,2016,2016-11-24,HU,100,975.0
AL162016,OTTO,2016,2016-11-24,HU,100,975.0
AL162016,OTTO,2016,2016-11-24,HU,95,978.0
AL162016,OTTO,2016,2016-11-25,HU,65,992.0
AL072017,FRANKLIN,2017,2017-08-09,HU,65,984.0
AL072017,FRANKLIN,2017,2017-08-10,HU,75,981.0
AL072017,FRANKLIN,2017,2017-08-10,HU,70,990.0
AL082017,GERT,2017,2017-08-15,HU,65,986.0
AL082017,GERT,2017,2017-08-15,HU,70,982.0
AL082017,GERT,2017,2017-08-15,HU,70,980.0
AL082017,GERT,2017,2017-08-16,HU,75,976.0
AL082017,GERT,2017,2017-08-16,HU,80,973.0
AL082017,GERT,2017,2017-08-16,HU,85,969.0
AL082017,GERT,2017,2017-08-16,HU,95,962.0
AL082017,GERT,2017,2017-08-17,HU,90,964.0
AL082017,GERT,2017,2017-08-17,HU,80,968.0
AL092017,HARVEY,2017,2017-08-24,HU,70,978.0
AL092017,HARVEY,2017,2017-08-25,HU,80,973.0
AL092017,HARVEY,2017,2017-08-25,HU,90,966.0
AL092017,HARVEY,2017,2017-08-25,HU,95,949.0
AL092017,HARVEY,2017,2017-08-25,HU,105,943.0
AL092017,HARVEY,2017,2017-08-26,HU,115,941.0
AL092017,HARVEY,2017,2017-08-26,HU,115,937.0
AL092017,HARVEY,2017,2017-08-26,HU,105,948.0
AL092017,HARVEY,2017,2017-08-26,HU,65,978.0
AL112017,IRMA,2017,2017-08-31,HU,65,994.0
AL112017,IRMA,2017,2017-08-31,HU,80,983.0
AL112017,IRMA,2017,2017-08-31,HU,95,970.0
AL112017,IRMA,2017,2017-09-01,HU,100,967.0
AL112017,IRMA,2017,2017-09-01,HU,100,967.0
AL112017,IRMA,2017,2017-09-01,HU,100,967.0
AL112017,IRMA,2017,2017-09-01,HU,100,967.0
AL112017,IRMA,2017,2017-09-02,HU,100,967.0
AL112017,IRMA,2017,2017-09-02,HU,100,967.0
AL112017,IRMA,2017,2017-09-02,HU,95,973.0
AL112017,IRMA,2017,2017-09-02,HU,95,973.0
AL112017,IRMA,2017,2017-09-03,HU,95,973.0
AL112017,IRMA,2017,2017-09-03,HU,95,973.0
AL112017,IRMA,2017,2017-09-03,HU,100,969.0
AL112017,IRMA,2017,2017-09-03,HU,100,965.0
AL112017,IRMA,2017,2017-09-04,HU,100,959.0
AL112017,IRMA,2017,2017-09-04,HU,105,952.0
AL112017,IRMA,2017,2017-09-04,HU,110,945.0
AL112017,IRMA,2017,2017-09-04,HU,115,944.0
AL112017,IRMA,2017,2017-09-05,HU,125,943.0
AL112017,IRMA,2017,2017-09-05,HU,135,933.0
AL112017,IRMA,2017,2017-09-05,HU,150,929.0
AL112017,IRMA,2017,2017-09-05,HU,155,926.0
AL112017,IRMA,2017,2017-09-06,HU,155,915.0
AL112017,IRMA,2017,2017-09-06,HU,155,914.0
AL112017,IRMA,2017,2017-09-06,HU,155,914.0
AL112017,IRMA,2017,2017-09-06,HU,155,914.0
AL112017,IRMA,2017,2017-09-06,HU,155,915.0
AL112017,IRMA,2017,2017-09-06,HU,155,915.0
AL112017,IRMA,2017,2017-09-06,HU,150,916.0
AL112017,IRMA,2017,2017-09-07,HU,150,916.0
AL112017,IRMA,2017,2017-09-07,HU,145,920.0
AL112017,IRMA,2017,2017-09-07,HU,145,921.0
AL112017,IRMA,2017,2017-09-07,HU,145,922.0
AL112017,IRMA,2017,2017-09-08,HU,140,919.0
AL112017,IRMA,2017,2017-09-08,HU,135,924.0
AL112017,IRMA,2017,2017-09-08,HU,135,925.0
AL112017,IRMA,2017,2017-09-08,HU,135,927.0
AL112017,IRMA,2017,2017-09-08,HU,140,925.0
AL112017,IRMA,2017,2017-09-09,HU,145,924.0
AL112017,IRMA,2017,2017-09-09,HU,145,924.0
AL112017,IRMA,2017,2017-09-09,HU,130,930.0
AL112017,IRMA,2017,2017-09-09,HU,110,941.0
AL112017,IRMA,2017,2017-09-09,HU,95,938.0
AL112017,IRMA,2017,2017-09-10,HU,100,932.0
AL112017,IRMA,2017,2017-09-10,HU,115,930.0
AL112017,IRMA,2017,2017-09-10,HU,115,931.0
AL112017,IRMA,2017,2017-09-10,HU,115,931.0
AL112017,IRMA,2017,2017-09-10,HU,100,936.0
AL112017,IRMA,2017,2017-09-10,HU,100,936.0
AL112017,IRMA,2017,2017-09-11,HU,80,942.0
AL112017,IRMA,2017,2017-09-11,HU,65,961.0
AL122017,JOSE,2017,2017-09-06,HU,65,995.0
AL122017,JOSE,2017,2017-09-07,HU,70,993.0
AL122017,JOSE,2017,2017-09-07,HU,80,986.0
AL122017,JOSE,2017,2017-09-07,HU,90,977.0
AL122017,JOSE,2017,2017-09-07,HU,100,969.0
AL122017,JOSE,2017,2017-09-08,HU,105,964.0
AL122017,JOSE,2017,2017-09-08,HU,115,955.0
AL122017,JOSE,2017,2017-09-08,HU,130,940.0
AL122017,JOSE,2017,2017-09-08,HU,135,939.0
AL122017,JOSE,2017,2017-09-09,HU,135,938.0
AL122017,JOSE,2017,2017-09-09,HU,130,940.0
AL122017,JOSE,2017,2017-09-09,HU,125,941.0
AL122017,JOSE,2017,2017-09-09,HU,120,942.0
AL122017,JOSE,2017,2017-09-10,HU,115,943.0
AL122017,JOSE,2017,2017-09-10,HU,115,945.0
AL122017,JOSE,2017,2017-09-10,HU,115,948.0
AL122017,JOSE,2017,2017-09-10,HU,105,956.0
AL122017,JOSE,2017,2017-09-11,HU,100,962.0
AL122017,JOSE,2017,2017-09-11,HU,90,968.0
AL122017,JOSE,2017,2017-09-11,HU,85,972.0
AL122017,JOSE,2017,2017-09-11,HU,80,974.0
AL122017,JOSE,2017,2017-09-12,HU,75,977.0
AL122017,JOSE,2017,2017-09-12,HU,70,979.0
AL122017,JOSE,2017,2017-09-12,HU,70,979.0
AL122017,JOSE,2017,2017-09-12,HU,70,980.0
AL122017,JOSE,2017,2017-09-13,HU,70,981.0
AL122017,JOSE,2017,2017-09-13,HU,70,981.0
AL122017,JOSE,2017,2017-09-13,HU,70,981.0
AL122017,JOSE,2017,2017-09-13,HU,70,981.0
AL122017,JOSE,2017,2017-09-14,HU,70,981.0
AL122017,JOSE,2017,2017-09-14,HU,70,981.0
AL122017,JOSE,2017,2017-09-14,HU,65,983.0
AL122017,JOSE,2017,2017-09-14,HU,65,985.0
AL122017,JOSE,2017,2017-09-15,HU,65,983.0
AL122017,JOSE,2017,2017-09-16,HU,65,983.0
AL122017,JOSE,2017,2017-09-16,HU,65,983.0
AL122017,JOSE,2017,2017-09-16,HU,65,980.0
AL122017,JOSE,2017,2017-09-16,HU,65,973.0
AL122017,JOSE,2017,2017-09-17,HU,70,971.0
AL122017,JOSE,2017,2017-09-17,HU,75,969.0
AL122017,JOSE,2017,2017-09-17,HU,80,967.0
AL122017,JOSE,2017,2017-09-17,HU,80,967.0
AL122017,JOSE,2017,2017-09-18,HU,80,972.0
AL122017,JOSE,2017,2017-09-18,HU,75,974.0
AL122017,JOSE,2017,2017-09-18,HU,70,976.0
AL122017,JOSE,2017,2017-09-18,HU,65,975.0
AL122017,JOSE,2017,2017-09-19,HU,65,972.0
AL122017,JOSE,2017,2017-09-19,HU,65,971.0
AL132017,KATIA,2017,2017-09-06,HU,65,992.0
AL132017,KATIA,2017,2017-09-07,HU,70,989.0
AL132017,KATIA,2017,2017-09-07,HU,70,985.0
AL132017,KATIA,2017,2017-09-07,HU,70,982.0
AL132017,KATIA,2017,2017-09-07,HU,70,982.0
AL132017,KATIA,2017,2017-09-08,HU,75,982.0
AL132017,KATIA,2017,2017-09-08,HU,80,977.0
AL132017,KATIA,2017,2017-09-08,HU,85,973.0
AL132017,KATIA,2017,2017-09-08,HU,90,972.0
AL132017,KATIA,2017,2017-09-09,HU,70,988.0
AL132017,KATIA,2017,2017-09-09,HU,65,990.0
AL142017,LEE,2017,2017-09-24,HU,65,990.0
AL142017,LEE,2017,2017-09-24,HU,75,983.0
AL142017,LEE,2017,2017-09-24,HU,80,980.0
AL142017,LEE,2017,2017-09-25,HU,85,976.0
AL142017,LEE,2017,2017-09-25,HU,80,978.0
AL142017,LEE,2017,2017-09-25,HU,80,980.0
AL142017,LEE,2017,2017-09-25,HU,75,984.0
AL142017,LEE,2017,2017-09-26,HU,80,982.0
AL142017,LEE,2017,2017-09-26,HU,85,979.0
AL142017,LEE,2017,2017-09-26,HU,90,976.0
AL142017,LEE,2017,2017-09-26,HU,95,972.0
AL142017,LEE,2017,2017-09-27,HU,95,970.0
AL142017,LEE,2017,2017-09-27,HU,95,967.0
AL142017,LEE,2017,2017-09-27,HU,100,963.0
AL142017,LEE,2017,2017-09-27,HU,100,962.0
AL142017,LEE,2017,2017-09-28,HU,95,965.0
AL142017,LEE,2017,2017-09-28,HU,90,969.0
AL142017,LEE,2017,2017-09-28,HU,85,973.0
AL142017,LEE,2017,2017-09-28,HU,80,977.0
AL142017,LEE,2017,2017-09-29,HU,75,981.0
AL142017,LEE,2017,2017-09-29,HU,70,983.0
AL142017,LEE,2017,2017-09-29,HU,65,985.0
AL152017,MARIA,2017,2017-09-17,HU,65,986.0
AL152017,MARIA,2017,2017-09-18,HU,75,979.0
AL152017,MARIA,2017,2017-09-18,HU,80,977.0
AL152017,MARIA,2017,2017-09-18,HU,100,967.0
AL152017,MARIA,2017,2017-09-18,HU,110,956.0
AL152017,MARIA,2017,2017-09-19,HU,145,924.0
AL152017,MARIA,2017,2017-09-19,HU,145,922.0
AL152017,MARIA,2017,2017-09-19,HU,135,940.0
AL152017,MARIA,2017,2017-09-19,HU,140,931.0
AL152017,MARIA,2017,2017-09-19,HU,145,920.0
AL152017,MARIA,2017,2017-09-20,HU,150,909.0
AL152017,MARIA,2017,2017-09-20,HU,150,908.0
AL152017,MARIA,2017,2017-09-20,HU,140,913.0
AL152017,MARIA,2017,2017-09-20,HU,135,920.0
AL152017,MARIA,2017,2017-09-20,HU,115,935.0
AL152017,MARIA,2017,2017-09-20,HU,95,959.0
AL152017,MARIA,2017,2017-09-21,HU,95,958.0
AL152017,MARIA,2017,2017-09-21,HU,100,959.0
AL152017,MARIA,2017,2017-09-21,HU,100,959.0
AL152017,MARIA,2017,2017-09-21,HU,105,960.0
AL152017,MARIA,2017,2017-09-22,HU,110,953.0
AL152017,MARIA,2017,2017-09-22,HU,110,959.0
AL152017,MARIA,2017,2017-09-22,HU,110,958.0
AL152017,MARIA,2017,2017-09-22,HU,110,959.0
AL152017,MARIA,2017,2017-09-23,HU,105,953.0
AL152017,MARIA,2017,2017-09-23,HU,100,952.0
AL152017,MARIA,2017,2017-09-23,HU,100,952.0
AL152017,MARIA,2017,2017-09-23,HU,100,952.0
AL152017,MARIA,2017,2017-09-24,HU,100,945.0
AL152017,MARIA,2017,2017-09-24,HU,95,942.0
AL152017,MARIA,2017,2017-09-24,HU,95,947.0
AL152017,MARIA,2017,2017-09-24,HU,90,943.0
AL152017,MARIA,2017,2017-09-25,HU,85,947.0
AL152017,MARIA,2017,2017-09-25,HU,75,954.0
AL152017,MARIA,2017,2017-09-25,HU,70,961.0
AL152017,MARIA,2017,2017-09-25,HU,70,966.0
AL152017,MARIA,2017,2017-09-26,HU,70,966.0
AL152017,MARIA,2017,2017-09-26,HU,65,970.0
AL152017,MARIA,2017,2017-09-26,HU,65,970.0
AL152017,MARIA,2017,2017-09-26,HU,65,975.0
AL152017,MARIA,2017,2017-09-27,HU,65,975.0
AL152017,MARIA,2017,2017-09-27,HU,65,976.0
AL152017,MARIA,2017,2017-09-27,HU,65,977.0
AL152017,MARIA,2017,2017-09-27,HU,65,979.0
AL152017,MARIA,2017,2017-09-28,HU,65,979.0
AL162017,NATE,2017,2017-10-07,HU,70,987.0
AL162017,NATE,2017,2017-10-07,HU,80,986.0
AL162017,NATE,2017,2017-10-07,HU,80,981.0
AL162017,NATE,2017,2017-10-08,HU,75,983.0
AL162017,NATE,2017,2017-10-08,HU,65,984.0
AL172017,OPHELIA,2017,2017-10-11,HU,65,991.0
AL172017,OPHELIA,2017,2017-10-12,HU,70,986.0
AL172017,OPHELIA,2017,2017-10-12,HU,75,982.0
AL172017,OPHELIA,2017,2017-10-12,HU,80,975.0
AL172017,OPHELIA,2017,2017-10-12,HU,85,971.0
AL172017,OPHELIA,2017,2017-10-13,HU,90,967.0
AL172017,OPHELIA,2017,2017-10-13,HU,90,966.0
AL172017,OPHELIA,2017,2017-10-13,HU,80,974.0
AL172017,OPHELIA,2017,2017-10-13,HU,80,973.0
AL172017,OPHELIA,2017,2017-10-14,HU,85,970.0
AL172017,OPHELIA,2017,2017-10-14,HU,95,963.0
AL172017,OPHELIA,2017,2017-10-14,HU,100,959.0
AL172017,OPHELIA,2017,2017-10-14,HU,100,959.0
AL172017,OPHELIA,2017,2017-10-15,HU,95,959.0
AL172017,OPHELIA,2017,2017-10-15,HU,90,959.0
AL172017,OPHELIA,2017,2017-10-15,HU,85,959.0
AL172017,OPHELIA,2017,2017-10-15,HU,80,959.0
AL022018,BERYL,2018,2018-07-06,HU,70,991.0
AL022018,BERYL,2018,2018-07-06,HU,70,992.0
AL022018,BERYL,2018,2018-07-06,HU,65,993.0
AL022018,BERYL,2018,2018-07-07,HU,65,994.0
AL022018,BERYL,2018,2018-07-07,HU,65,995.0
AL032018,CHRIS,2018,2018-07-10,HU,65,990.0
AL032018,CHRIS,2018,2018-07-10,HU,75,983.0
AL032018,CHRIS,2018,2018-07-11,HU,90,969.0
AL032018,CHRIS,2018,2018-07-11,HU,90,969.0
AL032018,CHRIS,2018,2018-07-11,HU,85,973.0
AL032018,CHRIS,2018,2018-07-11,HU,80,976.0
AL032018,CHRIS,2018,2018-07-12,HU,75,980.0
AL032018,CHRIS,2018,2018-07-12,HU,65,985.0
AL062018,FLORENCE,2018,2018-09-04,HU,65,990.0
AL062018,FLORENCE,2018,2018-09-04,HU,65,989.0
AL062018,FLORENCE,2018,2018-09-04,HU,70,986.0
AL062018,FLORENCE,2018,2018-09-04,HU,75,982.0
AL062018,FLORENCE,2018,2018-09-05,HU,85,975.0
AL062018,FLORENCE,2018,2018-09-05,HU,95,968.0
AL062018,FLORENCE,2018,2018-09-05,HU,105,960.0
AL062018,FLORENCE,2018,2018-09-05,HU,115,950.0
AL062018,FLORENCE,2018,2018-09-06,HU,115,950.0
AL062018,FLORENCE,2018,2018-09-06,HU,105,958.0
AL062018,FLORENCE,2018,2018-09-06,HU,90,970.0
AL062018,FLORENCE,2018,2018-09-06,HU,75,980.0
AL062018,FLORENCE,2018,2018-09-09,HU,65,984.0
AL062018,FLORENCE,2018,2018-09-09,HU,70,979.0
AL062018,FLORENCE,2018,2018-09-10,HU,80,973.0
AL062018,FLORENCE,2018,2018-09-10,HU,90,967.0
AL062018,FLORENCE,2018,2018-09-10,HU,105,954.0
AL062018,FLORENCE,2018,2018-09-10,HU,120,940.0
AL062018,FLORENCE,2018,2018-09-11,HU,115,944.0
AL062018,FLORENCE,2018,2018-09-11,HU,115,950.0
AL062018,FLORENCE,2018,2018-09-11,HU,125,947.0
AL062018,FLORENCE,2018,2018-09-11,HU,130,937.0
AL062018,FLORENCE,2018,2018-09-12,HU,120,943.0
AL062018,FLORENCE,2018,2018-09-12,HU,115,945.0
AL062018,FLORENCE,2018,2018-09-12,HU,115,945.0
AL062018,FLORENCE,2018,2018-09-12,HU,110,949.0
AL062018,FLORENCE,2018,2018-09-13,HU,105,955.0
AL062018,FLORENCE,2018,2018-09-13,HU,100,955.0
AL062018,FLORENCE,2018,2018-09-13,HU,95,954.0
AL062018,FLORENCE,2018,2018-09-13,HU,90,953.0
AL062018,FLORENCE,2018,2018-09-14,HU,90,952.0
AL062018,FLORENCE,2018,2018-09-14,HU,85,952.0
AL062018,FLORENCE,2018,2018-09-14,HU,80,956.0
AL062018,FLORENCE,2018,2018-09-14,HU,80,957.0
AL062018,FLORENCE,2018,2018-09-14,HU,65,969.0
AL082018,HELENE,2018,2018-09-09,HU,65,992.0
AL082018,HELENE,2018,2018-09-10,HU,75,984.0
AL082018,HELENE,2018,2018-09-10,HU,80,980.0
AL082018,HELENE,2018,2018-09-10,HU,85,977.0
AL082018,HELENE,2018,2018-09-10,HU,90,973.0
AL082018,HELENE,2018,2018-09-11,HU,95,969.0
AL082018,HELENE,2018,2018-09-11,HU,95,968.0
AL082018,HELENE,2018,2018-09-11,HU,95,967.0
AL082018,HELENE,2018,2018-09-11,HU,90,970.0
AL082018,HELENE,2018,2018-09-12,HU,85,973.0
AL082018,HELENE,2018,2018-09-12,HU,80,976.0
AL082018,HELENE,2018,2018-09-12,HU,80,976.0
AL082018,HELENE,2018,2018-09-12,HU,75,979.0
AL082018,HELENE,2018,2018-09-13,HU,70,982.0
AL082018,HELENE,2018,2018-09-13,HU,65,985.0
AL092018,ISAAC,2018,2018-09-10,HU,65,995.0
AL092018,ISAAC,2018,2018-09-10,HU,65,995.0
AL092018,ISAAC,2018,2018-09-10,HU,65,995.0
AL092018,ISAAC,2018,2018-09-10,HU,65,995.0
AL132018,LESLIE,2018,2018-10-03,HU,65,980.0
AL132018,LESLIE,2018,2018-10-03,HU,75,972.0
AL132018,LESLIE,2018,2018-10-03,HU,75,970.0
AL132018,LESLIE,2018,2018-10-04,HU,75,972.0
AL132018,LESLIE,2018,2018-10-04,HU,70,976.0
AL132018,LESLIE,2018,2018-10-04,HU,65,979.0
AL132018,LESLIE,2018,2018-10-10,HU,65,981.0
AL132018,LESLIE,2018,2018-10-10,HU,65,981.0
AL132018,LESLIE,2018,2018-10-10,HU,65,980.0
AL132018,LESLIE,2018,2018-10-10,HU,65,980.0
AL132018,LESLIE,2018,2018-10-11,HU,70,978.0
AL132018,LESLIE,2018,2018-10-11,HU,70,978.0
AL132018,LESLIE,2018,2018-10-11,HU,70,978.0
AL132018,LESLIE,2018,2018-10-11,HU,75,976.0
AL132018,LESLIE,2018,2018-10-12,HU,80,968.0
AL132018,LESLIE,2018,2018-10-12,HU,80,968.0
AL132018,LESLIE,2018,2018-10-12,HU,75,971.0
AL132018,LESLIE,2018,2018-10-12,HU,75,971.0
AL132018,LESLIE,2018,2018-10-13,HU,70,976.0
AL132018,LESLIE,2018,2018-10-13,HU,65,977.0
AL132018,LESLIE,2018,2018-10-13,HU,65,979.0
AL142018,MICHAEL,2018,2018-10-08,HU,65,982.0
AL142018,MICHAEL,2018,2018-10-08,HU,75,977.0
AL142018,MICHAEL,2018,2018-10-09,HU,85,971.0
AL142018,MICHAEL,2018,2018-10-09,HU,85,973.0
AL142018,MICHAEL,2018,2018-10-09,HU,90,968.0
AL142018,MICHAEL,2018,2018-10-09,HU,100,961.0
AL142018,MICHAEL,2018,2018-10-10,HU,110,952.0
AL142018,MICHAEL,2018,2018-10-10,HU,120,945.0
AL142018,MICHAEL,2018,2018-10-10,HU,125,934.0
AL142018,MICHAEL,2018,2018-10-10,HU,140,919.0
AL142018,MICHAEL,2018,2018-10-10,HU,135,920.0
AL142018,MICHAEL,2018,2018-10-11,HU,80,957.0
AL162018,OSCAR,2018,2018-10-28,HU,65,988.0
AL162018,OSCAR,2018,2018-10-29,HU,65,988.0
AL162018,OSCAR,2018,2018-10-29,HU,70,986.0
AL162018,OSCAR,2018,2018-10-29,HU,75,981.0
AL162018,OSCAR,2018,2018-10-29,HU,85,974.0
AL162018,OSCAR,2018,2018-10-30,HU,95,966.0
AL162018,OSCAR,2018,2018-10-30,HU,90,970.0
AL162018,OSCAR,2018,2018-10-30,HU,85,971.0
AL162018,OSCAR,2018,2018-10-30,HU,75,977.0
AL162018,OSCAR,2018,2018-10-31,HU,70,977.0
AL162018,OSCAR,2018,2018-10-31,HU,70,977.0
AL162018,OSCAR,2018,2018-10-31,HU,70,974.0
AL022019,BARRY,2019,2019-07-13,HU,65,993.0
AL022019,BARRY,2019,2019-07-13,HU,65,993.0
AL052019,DORIAN,2019,2019-08-28,HU,65,995.0
AL052019,DORIAN,2019,2019-08-28,HU,70,993.0
AL052019,DORIAN,2019,2019-08-29,HU,75,989.0
AL052019,DORIAN,2019,2019-08-29,HU,75,988.0
AL052019,DORIAN,2019,2019-08-29,HU,75,986.0
AL052019,DORIAN,2019,2019-08-29,HU,75,983.0
AL052019,DORIAN,2019,2019-08-30,HU,80,978.0
AL052019,DORIAN,2019,2019-08-30,HU,90,978.0
AL052019,DORIAN,2019,2019-08-30,HU,95,972.0
AL052019,DORIAN,2019,2019-08-30,HU,100,968.0
AL052019,DORIAN,2019,2019-08-31,HU,115,949.0
AL052019,DORIAN,2019,2019-08-31,HU,120,947.0
AL052019,DORIAN,2019,2019-08-31,HU,125,944.0
AL052019,DORIAN,2019,2019-08-31,HU,130,942.0
AL052019,DORIAN,2019,2019-09-01,HU,135,939.0
AL052019,DORIAN,2019,2019-09-01,HU,145,934.0
AL052019,DORIAN,2019,2019-09-01,HU,155,927.0
AL052019,DORIAN,2019,2019-09-01,HU,160,910.0
AL052019,DORIAN,2019,2019-09-01,HU,160,910.0
AL052019,DORIAN,2019,2019-09-02,HU,155,914.0
AL052019,DORIAN,2019,2019-09-02,HU,155,914.0
AL052019,DORIAN,2019,2019-09-02,HU,145,916.0
AL052019,DORIAN,2019,2019-09-02,HU,135,927.0
AL052019,DORIAN,2019,2019-09-02,HU,125,938.0
AL052019,DORIAN,2019,2019-09-03,HU,115,944.0
AL052019,DORIAN,2019,2019-09-03,HU,105,950.0
AL052019,DORIAN,2019,2019-09-03,HU,100,954.0
AL052019,DORIAN,2019,2019-09-03,HU,95,959.0
AL052019,DORIAN,2019,2019-09-04,HU,90,959.0
AL052019,DORIAN,2019,2019-09-04,HU,90,964.0
AL052019,DORIAN,2019,2019-09-04,HU,90,963.0
AL052019,DORIAN,2019,2019-09-04,HU,95,960.0
AL052019,DORIAN,2019,2019-09-05,HU,100,955.0
AL052019,DORIAN,2019,2019-09-05,HU,100,958.0
AL052019,DORIAN,2019,2019-09-05,HU,100,958.0
AL052019,DORIAN,2019,2019-09-05,HU,95,958.0
AL052019,DORIAN,2019,2019-09-06,HU,90,956.0
AL052019,DORIAN,2019,2019-09-06,HU,90,956.0
AL052019,DORIAN,2019,2019-09-06,HU,85,956.0
AL052019,DORIAN,2019,2019-09-06,HU,85,956.0
AL052019,DORIAN,2019,2019-09-06,HU,85,956.0
AL052019,DORIAN,2019,2019-09-07,HU,85,956.0
AL052019,DORIAN,2019,2019-09-07,HU,85,955.0
AL052019,DORIAN,2019,2019-09-07,HU,85,954.0
AL092019,HUMBERTO,2019,2019-09-16,HU,65,987.0
AL092019,HUMBERTO,2019,2019-09-16,HU,70,982.0
AL092019,HUMBERTO,2019,2019-09-16,HU,75,979.0
AL092019,HUMBERTO,2019,2019-09-16,HU,75,975.0
AL092019,HUMBERTO,2019,2019-09-17,HU,80,966.0
AL092019,HUMBERTO,2019,2019-09-17,HU,85,964.0
AL092019,HUMBERTO,2019,2019-09-17,HU,90,961.0
AL092019,HUMBERTO,2019,2019-09-17,HU,95,956.0
AL092019,HUMBERTO,2019,2019-09-18,HU,100,952.0
AL092019,HUMBERTO,2019,2019-09-18,HU,105,951.0
AL092019,HUMBERTO,2019,2019-09-18,HU,105,951.0
AL092019,HUMBERTO,2019,2019-09-18,HU,110,950.0
AL092019,HUMBERTO,2019,2019-09-19,HU,110,950.0
AL092019,HUMBERTO,2019,2019-09-19,HU,110,950.0
AL092019,HUMBERTO,2019,2019-09-19,HU,105,951.0
AL092019,HUMBERTO,2019,2019-09-19,HU,95,955.0
AL092019,HUMBERTO,2019,2019-09-19,HU,80,961.0
AL102019,JERRY,2019,2019-09-19,HU,70,990.0
AL102019,JERRY,2019,2019-09-19,HU,80,981.0
AL102019,JERRY,2019,2019-09-20,HU,90,976.0
AL102019,JERRY,2019,2019-09-20,HU,85,983.0
AL102019,JERRY,2019,2019-09-20,HU,75,990.0
AL102019,JERRY,2019,2019-09-20,HU,65,991.0
AL132019,LORENZO,2019,2019-09-25,HU,70,988.0
AL132019,LORENZO,2019,2019-09-25,HU,75,983.0
AL132019,LORENZO,2019,2019-09-25,HU,80,979.0
AL132019,LORENZO,2019,2019-09-26,HU,85,975.0
AL132019,LORENZO,2019,2019-09-26,HU,95,967.0
AL132019,LORENZO,2019,2019-09-26,HU,105,955.0
AL132019,LORENZO,2019,2019-09-26,HU,115,947.0
AL132019,LORENZO,2019,2019-09-27,HU,125,937.0
AL132019,LORENZO,2019,2019-09-27,HU,125,937.0
AL132019,LORENZO,2019,2019-09-27,HU,120,943.0
AL132019,LORENZO,2019,2019-09-27,HU,110,948.0
AL132019,LORENZO,2019,2019-09-28,HU,105,952.0
AL132019,LORENZO,2019,2019-09-28,HU,100,957.0
AL132019,LORENZO,2019,2019-09-28,HU,105,957.0
AL132019,LORENZO,2019,2019-09-28,HU,115,951.0
AL132019,LORENZO,2019,2019-09-29,HU,130,936.0
AL132019,LORENZO,2019,2019-09-29,HU,140,925.0
AL132019,LORENZO,2019,2019-09-29,HU,130,933.0
AL132019,LORENZO,2019,2019-09-29,HU,110,945.0
AL132019,LORENZO,2019,2019-09-29,HU,90,950.0
AL132019,LORENZO,2019,2019-09-30,HU,90,954.0
AL132019,LORENZO,2019,2019-09-30,HU,90,955.0
AL132019,LORENZO,2019,2019-09-30,HU,90,955.0
AL132019,LORENZO,2019,2019-09-30,HU,90,955.0
AL132019,LORENZO,2019,2019-10-01,HU,90,956.0
AL132019,LORENZO,2019,2019-10-01,HU,85,957.0
AL132019,LORENZO,2019,2019-10-01,HU,85,957.0
AL132019,LORENZO,2019,2019-10-01,HU,85,958.0
AL132019,LORENZO,2019,2019-10-02,HU,85,959.0
AL132019,LORENZO,2019,2019-10-02,HU,80,959.0
AL182019,PABLO,2019,2019-10-27,HU,65,980.0
AL182019,PABLO,2019,2019-10-27,HU,70,977.0
AL082020,HANNA,2020,2020-07-25,HU,70,981.0
AL082020,HANNA,2020,2020-07-25,HU,80,973.0
AL082020,HANNA,2020,2020-07-25,HU,80,973.0
AL082020,HANNA,2020,2020-07-25,HU,80,974.0
AL082020,HANNA,2020,2020-07-26,HU,75,976.0
AL092020,ISAIAS,2020,2020-07-31,HU,65,996.0
AL092020,ISAIAS,2020,2020-07-31,HU,70,990.0
AL092020,ISAIAS,2020,2020-07-31,HU,70,990.0
AL092020,ISAIAS,2020,2020-07-31,HU,65,992.0
AL092020,ISAIAS,2020,2020-07-31,HU,70,990.0
AL092020,ISAIAS,2020,2020-08-01,HU,75,987.0
AL092020,ISAIAS,2020,2020-08-01,HU,75,987.0
AL092020,ISAIAS,2020,2020-08-01,HU,70,987.0
AL092020,ISAIAS,2020,2020-08-01,HU,70,989.0
AL092020,ISAIAS,2020,2020-08-03,HU,65,991.0
AL092020,ISAIAS,2020,2020-08-04,HU,80,986.0
AL092020,ISAIAS,2020,2020-08-04,HU,80,986.0
AL132020,LAURA,2020,2020-08-25,HU,65,990.0
AL132020,LAURA,2020,2020-08-25,HU,70,990.0
AL132020,LAURA,2020,2020-08-26,HU,75,983.0
AL132020,LAURA,2020,2020-08-26,HU,90,978.0
AL132020,LAURA,2020,2020-08-26,HU,100,963.0
AL132020,LAURA,2020,2020-08-26,HU,120,952.0
AL132020,LAURA,2020,2020-08-27,HU,130,937.0
AL132020,LAURA,2020,2020-08-27,HU,130,939.0
AL132020,LAURA,2020,2020-08-27,HU,85,970.0
AL142020,MARCO,2020,2020-08-23,HU,65,991.0
AL142020,MARCO,2020,2020-08-23,HU,65,992.0
AL162020,NANA,2020,2020-09-03,HU,65,994.0
AL162020,NANA,2020,2020-09-03,HU,65,994.0
AL172020,PAULETTE,2020,2020-09-13,HU,65,981.0
AL172020,PAULETTE,2020,2020-09-13,HU,65,980.0
AL172020,PAULETTE,2020,2020-09-13,HU,70,976.0
AL172020,PAULETTE,2020,2020-09-13,HU,75,974.0
AL172020,PAULETTE,2020,2020-09-14,HU,75,974.0
AL172020,PAULETTE,2020,2020-09-14,HU,80,973.0
AL172020,PAULETTE,2020,2020-09-14,HU,85,971.0
AL172020,PAULETTE,2020,2020-09-14,HU,85,968.0
AL172020,PAULETTE,2020,2020-09-14,HU,90,965.0
AL172020,PAULETTE,2020,2020-09-15,HU,90,965.0
AL172020,PAULETTE,2020,2020-09-15,HU,90,965.0
AL172020,PAULETTE,2020,2020-09-15,HU,90,965.0
AL172020,PAULETTE,2020,2020-09-15,HU,85,966.0
AL172020,PAULETTE,2020,2020-09-16,HU,85,966.0
AL172020,PAULETTE,2020,2020-09-16,HU,80,968.0
AL192020,SALLY,2020,2020-09-14,HU,65,991.0
AL192020,SALLY,2020,2020-09-14,HU,75,986.0
AL192020,SALLY,2020,2020-09-15,HU,75,986.0
AL192020,SALLY,2020,2020-09-15,HU,70,984.0
AL192020,SALLY,2020,2020-09-15,HU,70,982.0
AL192020,SALLY,2020,2020-09-15,HU,70,981.0
AL192020,SALLY,2020,2020-09-16,HU,75,975.0
AL192020,SALLY,2020,2020-09-16,HU,95,967.0
AL192020,SALLY,2020,2020-09-16,HU,95,965.0
AL192020,SALLY,2020,2020-09-16,HU,85,967.0
AL202020,TEDDY,2020,2020-09-16,HU,65,987.0
AL202020,TEDDY,2020,2020-09-16,HU,80,978.0
AL202020,TEDDY,2020,2020-09-16,HU,85,972.0
AL202020,TEDDY,2020,2020-09-16,HU,85,972.0
AL202020,TEDDY,2020,2020-09-17,HU,85,970.0
AL202020,TEDDY,2020,2020-09-17,HU,90,966.0
AL202020,TEDDY,2020,2020-09-17,HU,100,960.0
AL202020,TEDDY,2020,2020-09-17,HU,115,948.0
AL202020,TEDDY,2020,2020-09-18,HU,120,945.0
AL202020,TEDDY,2020,2020-09-18,HU,115,946.0
AL202020,TEDDY,2020,2020-09-18,HU,110,947.0
AL202020,TEDDY,2020,2020-09-18,HU,105,949.0
AL202020,TEDDY,2020,2020-09-19,HU,105,945.0
AL202020,TEDDY,2020,2020-09-19,HU,100,947.0
AL202020,TEDDY,2020,2020-09-19,HU,100,950.0
AL202020,TEDDY,2020,2020-09-19,HU,100,953.0
AL202020,TEDDY,2020,2020-09-20,HU,95,956.0
AL202020,TEDDY,2020,2020-09-20,HU,90,958.0
AL202020,TEDDY,2020,2020-09-20,HU,85,963.0
AL202020,TEDDY,2020,2020-09-20,HU,80,964.0
AL202020,TEDDY,2020,2020-09-21,HU,80,963.0
AL202020,TEDDY,2020,2020-09-21,HU,80,962.0
AL202020,TEDDY,2020,2020-09-21,HU,80,960.0
AL202020,TEDDY,2020,2020-09-21,HU,80,958.0
AL202020,TEDDY,2020,2020-09-22,HU,85,956.0
AL202020,TEDDY,2020,2020-09-22,HU,90,952.0
AL202020,TEDDY,2020,2020-09-22,HU,90,949.0
AL202020,TEDDY,2020,2020-09-22,HU,80,952.0
AL202020,TEDDY,2020,2020-09-23,HU,65,954.0
AL252020,GAMMA,2020,2020-10-03,HU,65,978.0
AL262020,DELTA,2020,2020-10-06,HU,65,980.0
AL262020,DELTA,2020,2020-10-06,HU,75,973.0
AL262020,DELTA,2020,2020-10-06,HU,100,959.0
AL262020,DELTA,2020,2020-10-06,HU,120,953.0
AL262020,DELTA,2020,2020-10-07,HU,100,962.0
AL262020,DELTA,2020,2020-10-07,HU,90,968.0
AL262020,DELTA,2020,2020-10-07,HU,90,971.0
AL262020,DELTA,2020,2020-10-07,HU,85,973.0
AL262020,DELTA,2020,2020-10-07,HU,75,978.0
AL262020,DELTA,2020,2020-10-08,HU,80,973.0
AL262020,DELTA,2020,2020-10-08,HU,85,973.0
AL262020,DELTA,2020,2020-10-08,HU,90,969.0
AL262020,DELTA,2020,2020-10-08,HU,100,960.0
AL262020,DELTA,2020,2020-10-09,HU,105,953.0
AL262020,DELTA,2020,2020-10-09,HU,105,953.0
AL262020,DELTA,2020,2020-10-09,HU,100,958.0
AL262020,DELTA,2020,2020-10-09,HU,90,966.0
AL262020,DELTA,2020,2020-10-09,HU,85,970.0
AL262020,DELTA,2020,2020-10-10,HU,75,971.0
AL272020,EPSILON,2020,2020-10-21,HU,65,987.0
AL272020,EPSILON,2020,2020-10-21,HU,75,976.0
AL272020,EPSILON,2020,2020-10-21,HU,85,968.0
AL272020,EPSILON,2020,2020-10-21,HU,100,955.0
AL272020,EPSILON,2020,2020-10-22,HU,100,952.0
AL272020,EPSILON,2020,2020-10-22,HU,90,958.0
AL272020,EPSILON,2020,2020-10-22,HU,80,965.0
AL272020,EPSILON,2020,2020-10-22,HU,75,968.0
AL272020,EPSILON,2020,2020-10-23,HU,75,968.0
AL272020,EPSILON,2020,2020-10-23,HU,75,968.0
AL272020,EPSILON,2020,2020-10-23,HU,75,966.0
AL272020,EPSILON,2020,2020-10-23,HU,75,964.0
AL272020,EPSILON,2020,2020-10-24,HU,75,962.0
AL272020,EPSILON,2020,2020-10-24,HU,75,957.0
AL272020,EPSILON,2020,2020-10-24,HU,75,957.0
AL272020,EPSILON,2020,2020-10-24,HU,70,960.0
AL272020,EPSILON,2020,2020-10-25,HU,65,962.0
AL272020,EPSILON,2020,2020-10-25,HU,65,963.0
AL272020,EPSILON,2020,2020-10-25,HU,65,964.0
AL282020,ZETA,2020,2020-10-26,HU,65,993.0
AL282020,ZETA,2020,2020-10-26,HU,65,990.0
AL282020,ZETA,2020,2020-10-26,HU,70,984.0
AL282020,ZETA,2020,2020-10-27,HU,70,980.0
AL282020,ZETA,2020,2020-10-27,HU,75,977.0
AL282020,ZETA,2020,2020-10-27,HU,65,981.0
AL282020,ZETA,2020,2020-10-28,HU,65,984.0
AL282020,ZETA,2020,2020-10-28,HU,80,978.0
AL282020,ZETA,2020,2020-10-28,HU,95,973.0
AL282020,ZETA,2020,2020-10-28,HU,100,970.0
AL282020,ZETA,2020,2020-10-29,HU,85,973.0
AL292020,ETA,2020,2020-11-02,HU,70,982.0
AL292020,ETA,2020,2020-11-02,HU,90,972.0
AL292020,ETA,2020,2020-11-02,HU,115,948.0
AL292020,ETA,2020,2020-11-03,HU,130,929.0
AL292020,ETA,2020,2020-11-03,HU,130,922.0
AL292020,ETA,2020,2020-11-03,HU,125,936.0
AL292020,ETA,2020,2020-11-03,HU,120,940.0
AL292020,ETA,2020,2020-11-03,HU,120,940.0
AL292020,ETA,2020,2020-11-04,HU,95,965.0
AL292020,ETA,2020,2020-11-04,HU,70,980.0
AL292020,ETA,2020,2020-11-11,HU,65,983.0
AL312020,IOTA,2020,2020-11-15,HU,65,988.0
AL312020,IOTA,2020,2020-11-15,HU,70,982.0
AL312020,IOTA,2020,2020-11-15,HU,75,974.0
AL312020,IOTA,2020,2020-11-16,HU,90,961.0
AL312020,IOTA,2020,2020-11-16,HU,120,935.0
AL312020,IOTA,2020,2020-11-16,HU,135,917.0
AL312020,IOTA,2020,2020-11-16,HU,130,918.0
AL312020,IOTA,2020,2020-11-17,HU,130,918.0
AL312020,IOTA,2020,2020-11-17,HU,125,922.0
AL312020,IOTA,2020,2020-11-17,HU,110,935.0
AL312020,IOTA,2020,2020-11-17,HU,75,965.0
AL052021,ELSA,2021,2021-07-02,HU,65,995.0
AL052021,ELSA,2021,2021-07-02,HU,75,991.0
AL052021,ELSA,2021,2021-07-03,HU,70,995.0
AL052021,ELSA,2021,2021-07-03,HU,65,998.0
AL052021,ELSA,2021,2021-07-07,HU,65,996.0
AL072021,GRACE,2021,2021-08-18,HU,65,993.0
AL072021,GRACE,2021,2021-08-18,HU,70,990.0
AL072021,GRACE,2021,2021-08-19,HU,70,988.0
AL072021,GRACE,2021,2021-08-19,HU,70,985.0
AL072021,GRACE,2021,2021-08-19,HU,75,978.0
AL072021,GRACE,2021,2021-08-20,HU,75,982.0
AL072021,GRACE,2021,2021-08-20,HU,85,975.0
AL072021,GRACE,2021,2021-08-21,HU,105,967.0
AL072021,GRACE,2021,2021-08-21,HU,105,967.0
AL072021,GRACE,2021,2021-08-21,HU,100,969.0
AL082021,HENRI,2021,2021-08-21,HU,65,991.0
AL082021,HENRI,2021,2021-08-21,HU,65,990.0
AL082021,HENRI,2021,2021-08-22,HU,65,988.0
AL082021,HENRI,2021,2021-08-22,HU,65,986.0
AL092021,IDA,2021,2021-08-27,HU,70,987.0
AL092021,IDA,2021,2021-08-27,HU,70,988.0
AL092021,IDA,2021,2021-08-28,HU,70,989.0
AL092021,IDA,2021,2021-08-28,HU,70,987.0
AL092021,IDA,2021,2021-08-28,HU,70,986.0
AL092021,IDA,2021,2021-08-28,HU,80,976.0
AL092021,IDA,2021,2021-08-29,HU,90,967.0
AL092021,IDA,2021,2021-08-29,HU,115,950.0
AL092021,IDA,2021,2021-08-29,HU,130,929.0
AL092021,IDA,2021,2021-08-29,HU,130,931.0
AL092021,IDA,2021,2021-08-29,HU,125,932.0
AL092021,IDA,2021,2021-08-30,HU,105,944.0
AL092021,IDA,2021,2021-08-30,HU,65,978.0
AL122021,LARRY,2021,2021-09-02,HU,65,991.0
AL122021,LARRY,2021,2021-09-02,HU,70,987.0
AL122021,LARRY,2021,2021-09-02,HU,70,987.0
AL122021,LARRY,2021,2021-09-03,HU,75,985.0
AL122021,LARRY,2021,2021-09-03,HU,80,983.0
AL122021,LARRY,2021,2021-09-03,HU,80,980.0
AL122021,LARRY,2021,2021-09-03,HU,90,973.0
AL122021,LARRY,2021,2021-09-04,HU,100,964.0
AL122021,LARRY,2021,2021-09-04,HU,110,956.0
AL122021,LARRY,2021,2021-09-04,HU,110,956.0
AL122021,LARRY,2021,2021-09-04,HU,105,958.0
AL122021,LARRY,2021,2021-09-05,HU,105,958.0
AL122021,LARRY,2021,2021-09-05,HU,105,958.0
AL122021,LARRY,2021,2021-09-05,HU,110,953.0
AL122021,LARRY,2021,2021-09-05,HU,110,953.0
AL122021,LARRY,2021,2021-09-06,HU,110,953.0
AL122021,LARRY,2021,2021-09-06,HU,105,956.0
AL122021,LARRY,2021,2021-09-06,HU,105,956.0
AL122021,LARRY,2021,2021-09-06,HU,105,956.0
AL122021,LARRY,2021,2021-09-07,HU,105,956.0
AL122021,LARRY,2021,2021-09-07,HU,100,960.0
AL122021,LARRY,2021,2021-09-07,HU,95,963.0
AL122021,LARRY,2021,2021-09-07,HU,95,965.0
AL122021,LARRY,2021,2021-09-08,HU,95,966.0
AL122021,LARRY,2021,2021-09-08,HU,95,966.0
AL122021,LARRY,2021,2021-09-08,HU,90,966.0
AL122021,LARRY,2021,2021-09-08,HU,90,967.0
AL122021,LARRY,2021,2021-09-09,HU,85,968.0
AL122021,LARRY,2021,2021-09-09,HU,80,968.0
AL122021,LARRY,2021,2021-09-09,HU,80,966.0
AL122021,LARRY,2021,2021-09-09,HU,80,966.0
AL122021,LARRY,2021,2021-09-10,HU,80,966.0
AL122021,LARRY,2021,2021-09-10,HU,75,964.0
AL122021,LARRY,2021,2021-09-10,HU,70,961.0
AL122021,LARRY,2021,2021-09-10,HU,70,958.0
AL122021,LARRY,2021,2021-09-11,HU,70,958.0
AL122021,LARRY,2021,2021-09-11,HU,70,958.0
AL122021,LARRY,2021,2021-09-11,HU,65,959.0
AL142021,NICHOLAS,2021,2021-09-14,HU,65,988.0
AL142021,NICHOLAS,2021,2021-09-14,HU,65,991.0
AL142021,NICHOLAS,2021,2021-09-14,HU,65,991.0
AL182021,SAM,2021,2021-09-24,HU,65,993.0
AL182021,SAM,2021,2021-09-24,HU,65,993.0
AL182021,SAM,2021,2021-09-24,HU,70,989.0
AL182021,SAM,2021,2021-09-25,HU,85,982.0
AL182021,SAM,2021,2021-09-25,HU,95,973.0
AL182021,SAM,2021,2021-09-25,HU,105,960.0
AL182021,SAM,2021,2021-09-25,HU,115,950.0
AL182021,SAM,2021,2021-09-26,HU,130,943.0
AL182021,SAM,2021,2021-09-26,HU,130,943.0
AL182021,SAM,2021,2021-09-26,HU,130,939.0
AL182021,SAM,2021,2021-09-26,HU,135,927.0
AL182021,SAM,2021,2021-09-27,HU,130,940.0
AL182021,SAM,2021,2021-09-27,HU,115,948.0
AL182021,SAM,2021,2021-09-27,HU,105,955.0
AL182021,SAM,2021,2021-09-27,HU,105,958.0
AL182021,SAM,2021,2021-09-28,HU,105,955.0
AL182021,SAM,2021,2021-09-28,HU,115,952.0
AL182021,SAM,2021,2021-09-28,HU,115,952.0
AL182021,SAM,2021,2021-09-28,HU,115,947.0
AL182021,SAM,2021,2021-09-29,HU,115,947.0
AL182021,SAM,2021,2021-09-29,HU,115,952.0
AL182021,SAM,2021,2021-09-29,HU,115,952.0
AL182021,SAM,2021,2021-09-29,HU,115,945.0
AL182021,SAM,2021,2021-09-30,HU,125,940.0
AL182021,SAM,2021,2021-09-30,HU,125,937.0
AL182021,SAM,2021,2021-09-30,HU,125,937.0
AL182021,SAM,2021,2021-09-30,HU,125,941.0
AL182021,SAM,2021,2021-10-01,HU,125,938.0
AL182021,SAM,2021,2021-10-01,HU,130,936.0
AL182021,SAM,2021,2021-10-01,HU,130,936.0
AL182021,SAM,2021,2021-10-01,HU,130,937.0
AL182021,SAM,2021,2021-10-02,HU,125,940.0
AL182021,SAM,2021,2021-10-02,HU,120,945.0
AL182021,SAM,2021,2021-10-02,HU,115,948.0
AL182021,SAM,2021,2021-10-02,HU,110,950.0
AL182021,SAM,2021,2021-10-03,HU,100,954.0
AL182021,SAM,2021,2021-10-03,HU,90,960.0
AL182021,SAM,2021,2021-10-03,HU,85,964.0
AL182021,SAM,2021,2021-10-03,HU,85,964.0
AL182021,SAM,2021,2021-10-04,HU,90,957.0
AL182021,SAM,2021,2021-10-04,HU,90,957.0
AL182021,SAM,2021,2021-10-04,HU,85,960.0
AL182021,SAM,2021,2021-10-04,HU,80,965.0
AL182021,SAM,2021,2021-10-05,HU,75,965.0
AL022022,BONNIE,2022,2022-07-04,HU,65,989.0
AL022022,BONNIE,2022,2022-07-04,HU,70,987.0
AL022022,BONNIE,2022,2022-07-04,HU,75,984.0
AL022022,BONNIE,2022,2022-07-04,HU,85,978.0
AL022022,BONNIE,2022,2022-07-05,HU,90,974.0
AL022022,BONNIE,2022,2022-07-05,HU,95,968.0
AL022022,BONNIE,2022,2022-07-05,HU,100,964.0
AL022022,BONNIE,2022,2022-07-05,HU,95,967.0
AL022022,BONNIE,2022,2022-07-06,HU,90,970.0
AL022022,BONNIE,2022,2022-07-06,HU,85,974.0
AL022022,BONNIE,2022,2022-07-06,HU,85,975.0
AL022022,BONNIE,2022,2022-07-06,HU,85,975.0
AL022022,BONNIE,2022,2022-07-07,HU,80,980.0
AL022022,BONNIE,2022,2022-07-07,HU,80,980.0
AL022022,BONNIE,2022,2022-07-07,HU,80,980.0
AL022022,BONNIE,2022,2022-07-07,HU,85,976.0
AL022022,BONNIE,2022,2022-07-08,HU,85,976.0
AL022022,BONNIE,2022,2022-07-08,HU,75,982.0
AL022022,BONNIE,2022,2022-07-08,HU,65,989.0
AL052022,DANIELLE,2022,2022-09-02,HU,65,986.0
AL052022,DANIELLE,2022,2022-09-02,HU,65,985.0
AL052022,DANIELLE,2022,2022-09-03,HU,65,986.0
AL052022,DANIELLE,2022,2022-09-04,HU,65,986.0
AL052022,DANIELLE,2022,2022-09-04,HU,70,982.0
AL052022,DANIELLE,2022,2022-09-04,HU,70,979.0
AL052022,DANIELLE,2022,2022-09-04,HU,75,976.0
AL052022,DANIELLE,2022,2022-09-05,HU,75,975.0
AL052022,DANIELLE,2022,2022-09-05,HU,75,975.0
AL052022,DANIELLE,2022,2022-09-05,HU,75,975.0
AL052022,DANIELLE,2022,2022-09-05,HU,75,976.0
AL052022,DANIELLE,2022,2022-09-06,HU,70,980.0
AL052022,DANIELLE,2022,2022-09-06,HU,65,982.0
AL052022,DANIELLE,2022,2022-09-06,HU,65,982.0
AL052022,DANIELLE,2022,2022-09-06,HU,65,980.0
AL052022,DANIELLE,2022,2022-09-07,HU,65,978.0
AL052022,DANIELLE,2022,2022-09-07,HU,70,974.0
AL052022,DANIELLE,2022,2022-09-07,HU,70,972.0
AL052022,DANIELLE,2022,2022-09-07,HU,70,972.0
AL052022,DANIELLE,2022,2022-09-08,HU,65,973.0
AL062022,EARL,2022,2022-09-06,HU,65,994.0
AL062022,EARL,2022,2022-09-07,HU,70,985.0
AL062022,EARL,2022,2022-09-07,HU,75,982.0
AL062022,EARL,2022,2022-09-07,HU,75,978.0
AL062022,EARL,2022,2022-09-07,HU,80,974.0
AL062022,EARL,2022,2022-09-08,HU,90,970.0
AL062022,EARL,2022,2022-09-08,HU,90,969.0
AL062022,EARL,2022,2022-09-08,HU,85,962.0
AL062022,EARL,2022,2022-09-08,HU,80,962.0
AL062022,EARL,2022,2022-09-09,HU,80,964.0
AL062022,EARL,2022,2022-09-09,HU,80,963.0
AL062022,EARL,2022,2022-09-09,HU,85,961.0
AL062022,EARL,2022,2022-09-09,HU,90,954.0
AL062022,EARL,2022,2022-09-10,HU,95,948.0
AL062022,EARL,2022,2022-09-10,HU,90,955.0
AL062022,EARL,2022,2022-09-10,HU,80,964.0
AL072022,FIONA,2022,2022-09-18,HU,65,990.0
AL072022,FIONA,2022,2022-09-18,HU,75,986.0
AL072022,FIONA,2022,2022-09-18,HU,75,986.0
AL072022,FIONA,2022,2022-09-19,HU,75,984.0
AL072022,FIONA,2022,2022-09-19,HU,80,977.0
AL072022,FIONA,2022,2022-09-19,HU,80,976.0
AL072022,FIONA,2022,2022-09-19,HU,75,980.0
AL072022,FIONA,2022,2022-09-19,HU,85,972.0
AL072022,FIONA,2022,2022-09-20,HU,95,974.0
AL072022,FIONA,2022,2022-09-20,HU,100,967.0
AL072022,FIONA,2022,2022-09-20,HU,100,962.0
AL072022,FIONA,2022,2022-09-20,HU,100,961.0
AL072022,FIONA,2022,2022-09-20,HU,100,959.0
AL072022,FIONA,2022,2022-09-21,HU,110,951.0
AL072022,FIONA,2022,2022-09-21,HU,120,939.0
AL072022,FIONA,2022,2022-09-21,HU,115,937.0
AL072022,FIONA,2022,2022-09-21,HU,115,937.0
AL072022,FIONA,2022,2022-09-22,HU,115,934.0
AL072022,FIONA,2022,2022-09-22,HU,115,934.0
AL072022,FIONA,2022,2022-09-22,HU,115,936.0
AL072022,FIONA,2022,2022-09-22,HU,115,936.0
AL072022,FIONA,2022,2022-09-23,HU,115,931.0
AL072022,FIONA,2022,2022-09-23,HU,115,936.0
AL072022,FIONA,2022,2022-09-23,HU,115,935.0
AL072022,FIONA,2022,2022-09-23,HU,110,940.0
AL092022,IAN,2022,2022-09-26,HU,65,985.0
AL092022,IAN,2022,2022-09-26,HU,70,981.0
AL092022,IAN,2022,2022-09-26,HU,80,976.0
AL092022,IAN,2022,2022-09-27,HU,85,965.0
AL092022,IAN,2022,2022-09-27,HU,100,956.0
AL092022,IAN,2022,2022-09-27,HU,110,947.0
AL092022,IAN,2022,2022-09-27,HU,100,963.0
AL092022,IAN,2022,2022-09-27,HU,105,951.0
AL092022,IAN,2022,2022-09-28,HU,105,947.0
AL092022,IAN,2022,2022-09-28,HU,110,952.0
AL092022,IAN,2022,2022-09-28,HU,120,945.0
AL092022,IAN,2022,2022-09-28,HU,140,937.0
AL092022,IAN,2022,2022-09-28,HU,135,938.0
AL092022,IAN,2022,2022-09-28,HU,130,941.0
AL092022,IAN,2022,2022-09-28,HU,125,945.0
AL092022,IAN,2022,2022-09-29,HU,100,960.0
AL092022,IAN,2022,2022-09-29,HU,65,985.0
AL092022,IAN,2022,2022-09-29,HU,65,986.0
AL092022,IAN,2022,2022-09-30,HU,70,986.0
AL092022,IAN,2022,2022-09-30,HU,75,984.0
AL092022,IAN,2022,2022-09-30,HU,75,980.0
AL092022,IAN,2022,2022-09-30,HU,70,978.0
AL092022,IAN,2022,2022-09-30,HU,70,978.0
AL132022,JULIA,2022,2022-10-09,HU,65,989.0
AL132022,JULIA,2022,2022-10-09,HU,75,982.0
AL132022,JULIA,2022,2022-10-09,HU,75,982.0
AL132022,JULIA,2022,2022-10-09,HU,65,985.0
AL152022,LISA,2022,2022-11-02,HU,70,990.0
AL152022,LISA,2022,2022-11-02,HU,75,988.0
AL152022,LISA,2022,2022-11-02,HU,80,985.0
AL152022,LISA,2022,2022-11-03,HU,65,990.0
AL162022,MARTIN,2022,2022-11-02,HU,65,983.0
AL162022,MARTIN,2022,2022-11-02,HU,75,974.0
AL162022,MARTIN,2022,2022-11-03,HU,75,970.0
AL162022,MARTIN,2022,2022-11-03,HU,75,965.0
AL172022,NICOLE,2022,2022-11-09,HU,65,980.0
AL172022,NICOLE,2022,2022-11-10,HU,65,980.0
AL172022,NICOLE,2022,2022-11-10,HU,65,980.0
AL172022,NICOLE,2022,2022-11-10,HU,65,980.0
AL052023,DON,2023,2023-07-22,HU,65,986.0
AL052023,DON,2023,2023-07-23,HU,65,986.0
AL082023,FRANKLIN,2023,2023-08-26,HU,65,989.0
AL082023,FRANKLIN,2023,2023-08-26,HU,70,982.0
AL082023,FRANKLIN,2023,2023-08-27,HU,75,977.0
AL082023,FRANKLIN,2023,2023-08-27,HU,75,973.0
AL082023,FRANKLIN,2023,2023-08-27,HU,80,970.0
AL082023,FRANKLIN,2023,2023-08-27,HU,80,967.0
AL082023,FRANKLIN,2023,2023-08-28,HU,85,964.0
AL082023,FRANKLIN,2023,2023-08-28,HU,100,951.0
AL082023,FRANKLIN,2023,2023-08-28,HU,125,937.0
AL082023,FRANKLIN,2023,2023-08-28,HU,125,931.0
AL082023,FRANKLIN,2023,2023-08-29,HU,130,926.0
AL082023,FRANKLIN,2023,2023-08-29,HU,120,935.0
AL082023,FRANKLIN,2023,2023-08-29,HU,115,941.0
AL082023,FRANKLIN,2023,2023-08-29,HU,110,947.0
AL082023,FRANKLIN,2023,2023-08-30,HU,100,953.0
AL082023,FRANKLIN,2023,2023-08-30,HU,95,956.0
AL082023,FRANKLIN,2023,2023-08-30,HU,95,958.0
AL082023,FRANKLIN,2023,2023-08-30,HU,90,960.0
AL082023,FRANKLIN,2023,2023-08-31,HU,90,961.0
AL082023,FRANKLIN,2023,2023-08-31,HU,85,963.0
AL082023,FRANKLIN,2023,2023-08-31,HU,85,964.0
AL082023,FRANKLIN,2023,2023-08-31,HU,80,969.0
AL082023,FRANKLIN,2023,2023-09-01,HU,75,975.0
AL082023,FRANKLIN,2023,2023-09-01,HU,70,978.0
AL082023,FRANKLIN,2023,2023-09-01,HU,65,982.0
AL102023,IDALIA,2023,2023-08-29,HU,65,981.0
AL102023,IDALIA,2023,2023-08-29,HU,70,978.0
AL102023,IDALIA,2023,2023-08-29,HU,80,973.0
AL102023,IDALIA,2023,2023-08-30,HU,90,965.0
AL102023,IDALIA,2023,2023-08-30,HU,105,945.0
AL102023,IDALIA,2023,2023-08-30,HU,115,942.0
AL102023,IDALIA,2023,2023-08-30,HU,100,950.0
AL102023,IDALIA,2023,2023-08-30,HU,100,954.0
AL132023,LEE,2023,2023-09-06,HU,65,991.0
AL132023,LEE,2023,2023-09-07,HU,70,989.0
AL132023,LEE,2023,2023-09-07,HU,75,986.0
AL132023,LEE,2023,2023-09-07,HU,85,980.0
AL132023,LEE,2023,2023-09-07,HU,105,961.0
AL132023,LEE,2023,2023-09-08,HU,135,933.0
AL132023,LEE,2023,2023-09-08,HU,145,926.0
AL132023,LEE,2023,2023-09-08,HU,135,940.0
AL132023,LEE,2023,2023-09-08,HU,125,941.0
AL132023,LEE,2023,2023-09-09,HU,105,958.0
AL132023,LEE,2023,2023-09-09,HU,100,963.0
AL132023,LEE,2023,2023-09-09,HU,100,954.0
AL132023,LEE,2023,2023-09-09,HU,95,958.0
AL132023,LEE,2023,2023-09-10,HU,85,960.0
AL132023,LEE,2023,2023-09-10,HU,90,960.0
AL132023,LEE,2023,2023-09-10,HU,95,956.0
AL132023,LEE,2023,2023-09-10,HU,105,954.0
AL132023,LEE,2023,2023-09-11,HU,105,950.0
AL132023,LEE,2023,2023-09-11,HU,105,950.0
AL132023,LEE,2023,2023-09-11,HU,105,948.0
AL132023,LEE,2023,2023-09-11,HU,100,948.0
AL132023,LEE,2023,2023-09-12,HU,100,948.0
AL132023,LEE,2023,2023-09-12,HU,100,948.0
AL132023,LEE,2023,2023-09-12,HU,100,948.0
AL132023,LEE,2023,2023-09-12,HU,100,946.0
AL132023,LEE,2023,2023-09-13,HU,100,946.0
AL132023,LEE,2023,2023-09-13,HU,100,948.0
AL132023,LEE,2023,2023-09-13,HU,95,950.0
AL132023,LEE,2023,2023-09-13,HU,90,951.0
AL132023,LEE,2023,2023-09-14,HU,90,951.0
AL132023,LEE,2023,2023-09-14,HU,85,953.0
AL132023,LEE,2023,2023-09-14,HU,80,955.0
AL132023,LEE,2023,2023-09-14,HU,75,955.0
AL132023,LEE,2023,2023-09-15,HU,75,955.0
AL132023,LEE,2023,2023-09-15,HU,75,957.0
AL132023,LEE,2023,2023-09-15,HU,75,962.0
AL132023,LEE,2023,2023-09-15,HU,75,962.0
AL132023,LEE,2023,2023-09-16,HU,75,963.0
AL142023,MARGOT,2023,2023-09-11,HU,65,986.0
AL142023,MARGOT,2023,2023-09-12,HU,70,981.0
AL142023,MARGOT,2023,2023-09-12,HU,75,977.0
AL142023,MARGOT,2023,2023-09-12,HU,75,974.0
AL142023,MARGOT,2023,2023-09-12,HU,75,972.0
AL142023,MARGOT,2023,2023-09-13,HU,75,970.0
AL142023,MARGOT,2023,2023-09-13,HU,80,969.0
AL142023,MARGOT,2023,2023-09-13,HU,80,969.0
AL142023,MARGOT,2023,2023-09-13,HU,75,970.0
AL142023,MARGOT,2023,2023-09-14,HU,75,972.0
AL142023,MARGOT,2023,2023-09-14,HU,70,974.0
AL142023,MARGOT,2023,2023-09-14,HU,70,976.0
AL142023,MARGOT,2023,2023-09-14,HU,70,978.0
AL142023,MARGOT,2023,2023-09-15,HU,65,980.0
AL152023,NIGEL,2023,2023-09-18,HU,65,987.0
AL152023,NIGEL,2023,2023-09-18,HU,65,987.0
AL152023,NIGEL,2023,2023-09-18,HU,70,982.0
AL152023,NIGEL,2023,2023-09-19,HU,75,979.0
AL152023,NIGEL,2023,2023-09-19,HU,75,979.0
AL152023,NIGEL,2023,2023-09-19,HU,80,975.0
AL152023,NIGEL,2023,2023-09-19,HU,85,972.0
AL152023,NIGEL,2023,2023-09-20,HU,85,971.0
AL152023,NIGEL,2023,2023-09-20,HU,85,971.0
AL152023,NIGEL,2023,2023-09-20,HU,80,972.0
AL152023,NIGEL,2023,2023-09-20,HU,80,972.0
AL152023,NIGEL,2023,2023-09-21,HU,80,973.0
AL152023,NIGEL,2023,2023-09-21,HU,75,975.0
AL152023,NIGEL,2023,2023-09-21,HU,75,975.0
AL152023,NIGEL,2023,2023-09-21,HU,70,975.0
AL152023,NIGEL,2023,2023-09-22,HU,65,975.0
AL202023,TAMMY,2023,2023-10-20,HU,65,991.0
AL202023,TAMMY,2023,2023-10-21,HU,70,991.0
AL202023,TAMMY,2023,2023-10-21,HU,70,991.0
AL202023,TAMMY,2023,2023-10-21,HU,75,987.0
AL202023,TAMMY,2023,2023-10-21,HU,75,987.0
AL202023,TAMMY,2023,2023-10-22,HU,80,987.0
AL202023,TAMMY,2023,2023-10-22,HU,80,987.0
AL202023,TAMMY,2023,2023-10-22,HU,75,989.0
AL202023,TAMMY,2023,2023-10-22,HU,75,990.0
AL202023,TAMMY,2023,2023-10-22,HU,75,990.0
AL202023,TAMMY,2023,2023-10-23,HU,75,992.0
AL202023,TAMMY,2023,2023-10-23,HU,70,993.0
AL202023,TAMMY,2023,2023-10-23,HU,70,993.0
AL202023,TAMMY,2023,2023-10-23,HU,65,988.0
AL202023,TAMMY,2023,2023-10-24,HU,65,987.0
AL202023,TAMMY,2023,2023-10-24,HU,65,987.0
AL202023,TAMMY,2023,2023-10-24,HU,65,987.0
AL202023,TAMMY,2023,2023-10-24,HU,65,987.0
AL202023,TAMMY,2023,2023-10-25,HU,75,976.0
AL202023,TAMMY,2023,2023-10-25,HU,85,969.0
AL202023,TAMMY,2023,2023-10-25,HU,95,965.0
AL202023,TAMMY,2023,2023-10-25,HU,85,968.0
AL202023,TAMMY,2023,2023-10-26,HU,80,970.0
AL202023,TAMMY,2023,2023-10-26,HU,75,972.0
AL202023,TAMMY,2023,2023-10-26,HU,70,975.0
AL202023,TAMMY,2023,2023-10-26,HU,65,977.0
AL022024,BERYL,2024,2024-06-30,HU,70,989.0
AL022024,BERYL,2024,2024-06-30,HU,85,980.0
AL022024,BERYL,2024,2024-06-30,HU,100,968.0
AL022024,BERYL,2024,2024-06-30,HU,115,958.0
AL022024,BERYL,2024,2024-07-01,HU,110,958.0
AL022024,BERYL,2024,2024-07-01,HU,100,965.0
AL022024,BERYL,2024,2024-07-01,HU,115,957.0
AL022024,BERYL,2024,2024-07-01,HU,120,950.0
AL022024,BERYL,2024,2024-07-01,HU,130,944.0
AL022024,BERYL,2024,2024-07-02,HU,140,938.0
AL022024,BERYL,2024,2024-07-02,HU,145,935.0
AL022024,BERYL,2024,2024-07-02,HU,145,932.0
AL022024,BERYL,2024,2024-07-02,HU,140,934.0
AL022024,BERYL,2024,2024-07-02,HU,135,944.0
AL022024,BERYL,2024,2024-07-03,HU,130,945.0
AL022024,BERYL,2024,2024-07-03,HU,125,946.0
AL022024,BERYL,2024,2024-07-03,HU,125,952.0
AL022024,BERYL,2024,2024-07-03,HU,120,959.0
AL022024,BERYL,2024,2024-07-04,HU,115,960.0
AL022024,BERYL,2024,2024-07-04,HU,105,965.0
AL022024,BERYL,2024,2024-07-04,HU,95,969.0
AL022024,BERYL,2024,2024-07-04,HU,90,974.0
AL022024,BERYL,2024,2024-07-05,HU,100,962.0
AL022024,BERYL,2024,2024-07-05,HU,95,971.0
AL022024,BERYL,2024,2024-07-05,HU,80,977.0
AL022024,BERYL,2024,2024-07-05,HU,75,980.0
AL022024,BERYL,2024,2024-07-08,HU,70,982.0
AL022024,BERYL,2024,2024-07-08,HU,80,978.0
AL022024,BERYL,2024,2024-07-08,HU,70,978.0
AL042024,DEBBY,2024,2024-08-05,HU,70,986.0
AL042024,DEBBY,2024,2024-08-05,HU,70,980.0
AL042024,DEBBY,2024,2024-08-05,HU,70,979.0
AL042024,DEBBY,2024,2024-08-05,HU,65,982.0
AL052024,ERNESTO,2024,2024-08-14,HU,65,991.0
AL052024,ERNESTO,2024,2024-08-14,HU,65,989.0
AL052024,ERNESTO,2024,2024-08-15,HU,70,981.0
AL052024,ERNESTO,2024,2024-08-15,HU,75,979.0
AL052024,ERNESTO,2024,2024-08-15,HU,75,975.0
AL052024,ERNESTO,2024,2024-08-15,HU,80,975.0
AL052024,ERNESTO,2024,2024-08-16,HU,85,969.0
AL052024,ERNESTO,2024,2024-08-16,HU,85,968.0
AL052024,ERNESTO,2024,2024-08-16,HU,85,967.0
AL052024,ERNESTO,2024,2024-08-16,HU,85,969.0
AL052024,ERNESTO,2024,2024-08-17,HU,80,969.0
AL052024,ERNESTO,2024,2024-08-17,HU,75,972.0
AL052024,ERNESTO,2024,2024-08-17,HU,75,972.0
AL052024,ERNESTO,2024,2024-08-17,HU,70,974.0
AL052024,ERNESTO,2024,2024-08-17,HU,65,977.0
AL052024,ERNESTO,2024,2024-08-18,HU,65,977.0
AL052024,ERNESTO,2024,2024-08-19,HU,70,975.0
AL052024,ERNESTO,2024,2024-08-19,HU,75,972.0
AL052024,ERNESTO,2024,2024-08-19,HU,85,967.0
AL052024,ERNESTO,2024,2024-08-19,HU,80,970.0
AL052024,ERNESTO,2024,2024-08-20,HU,75,972.0
AL052024,ERNESTO,2024,2024-08-20,HU,65,976.0
AL062024,FRANCINE,2024,2024-09-11,HU,65,982.0
AL062024,FRANCINE,2024,2024-09-11,HU,80,977.0
AL062024,FRANCINE,2024,2024-09-11,HU,80,976.0
AL062024,FRANCINE,2024,2024-09-11,HU,85,974.0
AL062024,FRANCINE,2024,2024-09-11,HU,90,972.0
AL062024,FRANCINE,2024,2024-09-12,HU,70,980.0
AL092024,HELENE,2024,2024-09-25,HU,65,979.0
AL092024,HELENE,2024,2024-09-25,HU,70,978.0
AL092024,HELENE,2024,2024-09-26,HU,70,973.0
AL092024,HELENE,2024,2024-09-26,HU,75,970.0
AL092024,HELENE,2024,2024-09-26,HU,85,963.0
AL092024,HELENE,2024,2024-09-26,HU,105,958.0
AL092024,HELENE,2024,2024-09-27,HU,120,941.0
AL092024,HELENE,2024,2024-09-27,HU,120,939.0
AL092024,HELENE,2024,2024-09-27,HU,95,947.0
AL092024,HELENE,2024,2024-09-27,HU,80,957.0
AL102024,ISAAC,2024,2024-09-27,HU,65,981.0
AL102024,ISAAC,2024,2024-09-27,HU,75,976.0
AL102024,ISAAC,2024,2024-09-28,HU,85,965.0
AL102024,ISAAC,2024,2024-09-28,HU,90,963.0
AL102024,ISAAC,2024,2024-09-28,HU,90,963.0
AL102024,ISAAC,2024,2024-09-28,HU,85,965.0
AL102024,ISAAC,2024,2024-09-29,HU,75,967.0
AL102024,ISAAC,2024,2024-09-29,HU,70,969.0
AL102024,ISAAC,2024,2024-09-29,HU,65,971.0
AL122024,KIRK,2024,2024-10-01,HU,65,986.0
AL122024,KIRK,2024,2024-10-02,HU,65,986.0
AL122024,KIRK,2024,2024-10-02,HU,70,982.0
AL122024,KIRK,2024,2024-10-02,HU,75,979.0
AL122024,KIRK,2024,2024-10-02,HU,80,975.0
AL122024,KIRK,2024,2024-10-03,HU,100,959.0
AL122024,KIRK,2024,2024-10-03,HU,105,955.0
AL122024,KIRK,2024,2024-10-03,HU,110,948.0
AL122024,KIRK,2024,2024-10-03,HU,115,944.0
AL122024,KIRK,2024,2024-10-04,HU,130,928.0
AL122024,KIRK,2024,2024-10-04,HU,130,928.0
AL122024,KIRK,2024,2024-10-04,HU,120,938.0
AL122024,KIRK,2024,2024-10-04,HU,115,942.0
AL122024,KIRK,2024,2024-10-05,HU,115,943.0
AL122024,KIRK,2024,2024-10-05,HU,110,945.0
AL122024,KIRK,2024,2024-10-05,HU,105,949.0
AL122024,KIRK,2024,2024-10-05,HU,105,949.0
AL122024,KIRK,2024,2024-10-06,HU,100,951.0
AL122024,KIRK,2024,2024-10-06,HU,95,955.0
AL122024,KIRK,2024,2024-10-06,HU,85,959.0
AL122024,KIRK,2024,2024-10-06,HU,80,959.0
AL122024,KIRK,2024,2024-10-07,HU,70,964.0
AL122024,KIRK,2024,2024-10-07,HU,65,966.0
AL132024,LESLIE,2024,2024-10-05,HU,65,990.0
AL132024,LESLIE,2024,2024-10-05,HU,70,986.0
AL132024,LESLIE,2024,2024-10-05,HU,70,986.0
AL132024,LESLIE,2024,2024-10-05,HU,70,985.0
AL132024,LESLIE,2024,2024-10-06,HU,75,983.0
AL132024,LESLIE,2024,2024-10-06,HU,80,980.0
AL132024,LESLIE,2024,2024-10-06,HU,80,980.0
AL132024,LESLIE,2024,2024-10-06,HU,80,980.0
AL132024,LESLIE,2024,2024-10-07,HU,80,980.0
AL132024,LESLIE,2024,2024-10-07,HU,75,983.0
AL132024,LESLIE,2024,2024-10-07,HU,70,985.0
AL132024,LESLIE,2024,2024-10-07,HU,65,989.0
AL132024,LESLIE,2024,2024-10-08,HU,65,989.0
AL132024,LESLIE,2024,2024-10-09,HU,70,987.0
AL132024,LESLIE,2024,2024-10-09,HU,75,984.0
AL132024,LESLIE,2024,2024-10-09,HU,80,981.0
AL132024,LESLIE,2024,2024-10-09,HU,85,974.0
AL132024,LESLIE,2024,2024-10-10,HU,90,970.0
AL132024,LESLIE,2024,2024-10-10,HU,85,974.0
AL132024,LESLIE,2024,2024-10-10,HU,75,980.0
AL132024,LESLIE,2024,2024-10-10,HU,65,990.0
AL142024,MILTON,2024,2024-10-06,HU,70,986.0
AL142024,MILTON,2024,2024-10-07,HU,75,981.0
AL142024,MILTON,2024,2024-10-07,HU,90,972.0
AL142024,MILTON,2024,2024-10-07,HU,120,943.0
AL142024,MILTON,2024,2024-10-07,HU,150,908.0
AL142024,MILTON,2024,2024-10-07,HU,155,895.0
AL142024,MILTON,2024,2024-10-08,HU,145,902.0
AL142024,MILTON,2024,2024-10-08,HU,125,925.0
AL142024,MILTON,2024,2024-10-08,HU,125,929.0
AL142024,MILTON,2024,2024-10-08,HU,140,916.0
AL142024,MILTON,2024,2024-10-08,HU,145,902.0
AL142024,MILTON,2024,2024-10-09,HU,140,908.0
AL142024,MILTON,2024,2024-10-09,HU,135,916.0
AL142024,MILTON,2024,2024-10-09,HU,140,909.0
AL142024,MILTON,2024,2024-10-09,HU,140,907.0
AL142024,MILTON,2024,2024-10-09,HU,135,919.0
AL142024,MILTON,2024,2024-10-09,HU,115,945.0
AL142024,MILTON,2024,2024-10-10,HU,105,956.0
AL142024,MILTON,2024,2024-10-10,HU,100,958.0
AL142024,MILTON,2024,2024-10-10,HU,70,975.0
AL142024,MILTON,2024,2024-10-10,HU,65,983.0
AL162024,OSCAR,2024,2024-10-19,HU,70,989.0
AL162024,OSCAR,2024,2024-10-19,HU,75,987.0
AL162024,OSCAR,2024,2024-10-20,HU,75,987.0
AL162024,OSCAR,2024,2024-10-20,HU,70,988.0
AL162024,OSCAR,2024,2024-10-20,HU,70,986.0
AL162024,OSCAR,2024,2024-10-20,HU,75,984.0
AL162024,OSCAR,2024,2024-10-20,HU,75,984.0
AL162024,OSCAR,2024,2024-10-21,HU,65,988.0
AL182024,RAFAEL,2024,2024-11-06,HU,70,985.0
AL182024,RAFAEL,2024,2024-11-06,HU,80,975.0
AL182024,RAFAEL,2024,2024-11-06,HU,90,964.0
AL182024,RAFAEL,2024,2024-11-06,HU,100,955.0
AL182024,RAFAEL,2024,2024-11-06,HU,100,955.0
AL182024,RAFAEL,2024,2024-11-07,HU,95,968.0
AL182024,RAFAEL,2024,2024-11-07,HU,90,970.0
AL182024,RAFAEL,2024,2024-11-07,HU,90,969.0
AL182024,RAFAEL,2024,2024-11-07,HU,90,968.0
AL182024,RAFAEL,2024,2024-11-08,HU,90,966.0
AL182024,RAFAEL,2024,2024-11-08,HU,105,954.0
AL182024,RAFAEL,2024,2024-11-08,HU,95,962.0
AL182024,RAFAEL,2024,2024-11-08,HU,80,973.0
AL182024,RAFAEL,2024,2024-11-09,HU,65,986.0
AL052025,ERIN,2025,2025-08-15,HU,65,996.0
AL052025,ERIN,2025,2025-08-15,HU,65,993.0
AL052025,ERIN,2025,2025-08-16,HU,75,981.0
AL052025,ERIN,2025,2025-08-16,HU,95,967.0
AL052025,ERIN,2025,2025-08-16,HU,130,934.0
AL052025,ERIN,2025,2025-08-16,HU,140,913.0
AL052025,ERIN,2025,2025-08-17,HU,125,934.0
AL052025,ERIN,2025,2025-08-17,HU,110,940.0
AL052025,ERIN,2025,2025-08-17,HU,110,940.0
AL052025,ERIN,2025,2025-08-17,HU,110,946.0
AL052025,ERIN,2025,2025-08-18,HU,110,946.0
AL052025,ERIN,2025,2025-08-18,HU,115,945.0
AL052025,ERIN,2025,2025-08-18,HU,120,935.0
AL052025,ERIN,2025,2025-08-18,HU,115,937.0
AL052025,ERIN,2025,2025-08-19,HU,100,947.0
AL052025,ERIN,2025,2025-08-19,HU,90,955.0
AL052025,ERIN,2025,2025-08-19,HU,85,958.0
AL052025,ERIN,2025,2025-08-19,HU,85,958.0
AL052025,ERIN,2025,2025-08-20,HU,85,959.0
AL052025,ERIN,2025,2025-08-20,HU,90,954.0
AL052025,ERIN,2025,2025-08-20,HU,95,943.0
AL052025,ERIN,2025,2025-08-20,HU,95,942.0
AL052025,ERIN,2025,2025-08-21,HU,95,941.0
AL052025,ERIN,2025,2025-08-21,HU,90,945.0
AL052025,ERIN,2025,2025-08-21,HU,90,949.0
AL052025,ERIN,2025,2025-08-21,HU,85,952.0
AL052025,ERIN,2025,2025-08-22,HU,85,954.0
AL052025,ERIN,2025,2025-08-22,HU,80,956.0
AL052025,ERIN,2025,2025-08-22,HU,80,956.0
AL072025,GABRIELLE,2025,2025-09-21,HU,65,993.0
AL072025,GABRIELLE,2025,2025-09-22,HU,70,985.0
AL072025,GABRIELLE,2025,2025-09-22,HU,80,977.0
AL072025,GABRIELLE,2025,2025-09-22,HU,100,958.0
AL072025,GABRIELLE,2025,2025-09-22,HU,115,951.0
AL072025,GABRIELLE,2025,2025-09-23,HU,120,944.0
AL072025,GABRIELLE,2025,2025-09-23,HU,120,945.0
AL072025,GABRIELLE,2025,2025-09-23,HU,120,946.0
AL072025,GABRIELLE,2025,2025-09-23,HU,115,947.0
AL072025,GABRIELLE,2025,2025-09-24,HU,110,953.0
AL072025,GABRIELLE,2025,2025-09-24,HU,100,958.0
AL072025,GABRIELLE,2025,2025-09-24,HU,90,965.0
AL072025,GABRIELLE,2025,2025-09-24,HU,85,970.0
AL072025,GABRIELLE,2025,2025-09-25,HU,75,974.0
AL072025,GABRIELLE,2025,2025-09-25,HU,70,976.0
AL072025,GABRIELLE,2025,2025-09-25,HU,65,979.0
AL082025,HUMBERTO,2025,2025-09-26,HU,70,984.0
AL082025,HUMBERTO,2025,2025-09-26,HU,80,978.0
AL082025,HUMBERTO,2025,2025-09-26,HU,95,966.0
AL082025,HUMBERTO,2025,2025-09-27,HU,115,949.0
AL082025,HUMBERTO,2025,2025-09-27,HU,125,938.0
AL082025,HUMBERTO,2025,2025-09-27,HU,130,932.0
AL082025,HUMBERTO,2025,2025-09-27,HU,140,919.0
AL082025,HUMBERTO,2025,2025-09-28,HU,140,918.0
AL082025,HUMBERTO,2025,2025-09-28,HU,135,921.0
AL082025,HUMBERTO,2025,2025-09-28,HU,125,926.0
AL082025,HUMBERTO,2025,2025-09-28,HU,125,926.0
AL082025,HUMBERTO,2025,2025-09-29,HU,120,928.0
AL082025,HUMBERTO,2025,2025-09-29,HU,120,933.0
AL082025,HUMBERTO,2025,2025-09-29,HU,125,938.0
AL082025,HUMBERTO,2025,2025-09-29,HU,115,948.0
AL082025,HUMBERTO,2025,2025-09-30,HU,100,961.0
AL082025,HUMBERTO,2025,2025-09-30,HU,90,967.0
AL082025,HUMBERTO,2025,2025-09-30,HU,70,977.0
AL082025,HUMBERTO,2025,2025-09-30,HU,70,979.0
AL082025,HUMBERTO,2025,2025-10-01,HU,70,979.0
AL082025,HUMBERTO,2025,2025-10-01,HU,70,979.0
AL092025,IMELDA,2025,2025-09-30,HU,65,981.0
AL092025,IMELDA,2025,2025-09-30,HU,70,979.0
AL092025,IMELDA,2025,2025-10-01,HU,70,977.0
AL092025,IMELDA,2025,2025-10-01,HU,75,973.0
AL092025,IMELDA,2025,2025-10-01,HU,80,968.0
AL092025,IMELDA,2025,2025-10-01,HU,80,966.0
AL092025,IMELDA,2025,2025-10-02,HU,80,971.0
AL092025,IMELDA,2025,2025-10-02,HU,80,974.0
AL132025,MELISSA,2025,2025-10-25,HU,75,976.0
AL132025,MELISSA,2025,2025-10-26,HU,90,971.0
AL132025,MELISSA,2025,2025-10-26,HU,105,958.0
AL132025,MELISSA,2025,2025-10-26,HU,115,952.0
AL132025,MELISSA,2025,2025-10-26,HU,120,944.0
AL132025,MELISSA,2025,2025-10-27,HU,125,934.0
AL132025,MELISSA,2025,2025-10-27,HU,135,923.0
AL132025,MELISSA,2025,2025-10-27,HU,145,912.0
AL132025,MELISSA,2025,2025-10-27,HU,155,906.0
AL132025,MELISSA,2025,2025-10-28,HU,155,909.0
AL132025,MELISSA,2025,2025-10-28,HU,155,900.0
AL132025,MELISSA,2025,2025-10-28,HU,165,892.0
AL132025,MELISSA,2025,2025-10-28,HU,160,897.0
AL132025,MELISSA,2025,2025-10-28,HU,145,910.0
AL132025,MELISSA,2025,2025-10-29,HU,105,953.0
AL132025,MELISSA,2025,2025-10-29,HU,105,952.0
AL132025,MELISSA,2025,2025-10-29,HU,100,954.0
AL132025,MELISSA,2025,2025-10-29,HU,85,968.0
AL132025,MELISSA,2025,2025-10-29,HU,80,972.0
AL132025,MELISSA,2025,2025-10-29,HU,80,972.0
AL132025,MELISSA,2025,2025-10-30,HU,80,970.0
AL132025,MELISSA,2025,2025-10-30,HU,80,970.0
AL132025,MELISSA,2025,2025-10-30,HU,85,968.0
AL132025,MELISSA,2025,2025-10-30,HU,90,965.0
AL132025,MELISSA,2025,2025-10-30,HU,85,967.0
AL132025,MELISSA,2025,2025-10-31,HU,80,970.0
AL132025,MELISSA,2025,2025-10-31,HU,75,972.0
